Customer_ID,Age,Gender,Annual_Income,Total_Spend,Years_as_Customer,Num_of_Purchases,Average_Transaction_Amount,Num_of_Returns,Num_of_Support_Contacts,Satisfaction_Score,Last_Purchase_Days_Ago,Email_Opt_In,Promotion_Response,Target_Churn
1,62,Wanita,735042000.0,95931202.4,5,22,7387864.0,2,0,3,129,True,Merespons,True
2,65,Pria,1294422800.0,146934651.6,13,77,372812.0,2,2,3,227,False,Merespons,False
3,18,Pria,475213200.0,10074552.4,13,71,822628.4,5,2,2,283,False,Merespons,True
4,21,Pria,1296376400.0,148315684.0,3,33,6704592.399999999,5,3,5,226,True,Mengabaikan,True
5,21,Pria,1264304800.0,87763526.4,15,43,1647373.2,3,0,5,242,False,Berhenti Berlangganan,False
6,57,Pria,3100200400.0,4154493.2,19,85,6801458.399999999,5,1,4,130,False,Berhenti Berlangganan,False
7,27,Pria,2802276400.0,57184314.0,3,77,5147410.4,0,3,1,61,True,Berhenti Berlangganan,False
8,37,Pria,1447292000.0,118370252.0,4,87,1035570.8,3,4,3,224,False,Mengabaikan,False
9,39,Pria,398208800.0,80349777.2,1,21,2829464.0,9,2,4,126,True,Merespons,True
10,68,Pria,2760925200.0,159602119.6,17,34,7833610.4,6,1,2,171,True,Berhenti Berlangganan,False
11,54,Pria,2261292000.0,69740915.2,15,33,1571834.0,9,1,2,92,True,Merespons,False
12,41,Wanita,772160400.0,54272473.2,4,10,3460802.4000000004,0,0,2,213,False,Merespons,True
13,24,Pria,3244441200.0,134058473.99999999,1,60,2614242.4000000004,2,1,5,276,False,Mengabaikan,False
14,42,Wanita,619291200.0,89935278.39999999,12,4,4229706.8,5,4,2,212,False,Mengabaikan,True
15,42,Wanita,2866582400.0,111599888.39999999,17,64,3627998.0,6,0,1,125,False,Mengabaikan,True
16,30,Pria,1187951600.0,131484606.0,9,63,7596410.8,5,0,3,304,False,Berhenti Berlangganan,False
17,19,Pria,1601300800.0,109843276.4,10,9,6752944.0,7,3,2,274,True,Merespons,True
18,56,Wanita,2656570400.0,69708192.4,3,29,4792669.2,7,0,3,197,True,Berhenti Berlangganan,False
19,57,Pria,2310946000.0,21741614.4,15,14,2825882.4000000004,7,3,4,4,False,Merespons,False
20,41,Wanita,3073989600.0,95147808.8,11,88,6154654.0,8,4,5,57,True,Berhenti Berlangganan,True
21,64,Pria,2145866800.0,146269125.2,5,72,4866092.0,1,1,2,323,True,Merespons,True
22,42,Wanita,612290800.0,69141811.2,10,13,1458850.8,0,4,1,199,False,Merespons,False
23,35,Wanita,2917050400.0,148411410.4,14,3,2652012.0,8,0,2,193,True,Merespons,True
24,55,Pria,2579566000.0,82782660.4,12,78,4696454.4,2,1,2,323,False,Berhenti Berlangganan,True
25,43,Pria,2411719200.0,101690252.4,9,24,5746514.4,7,1,4,119,True,Berhenti Berlangganan,True
26,31,Wanita,483027600.0,135882485.2,6,60,2719574.0,5,2,1,35,True,Berhenti Berlangganan,False
27,26,Pria,1486689600.0,92625222.8,9,74,7423842.8,2,4,2,352,True,Berhenti Berlangganan,True
28,27,Pria,816279200.0,16289768.0,3,80,3419125.6,8,3,1,317,False,Berhenti Berlangganan,False
29,38,Pria,2734063200.0,159734476.0,13,12,1352705.2,9,4,5,128,False,Mengabaikan,True
30,69,Wanita,2378508000.0,41252054.8,7,10,1856734.0,6,4,1,31,False,Berhenti Berlangganan,False
31,34,Pria,2913306000.0,116141520.0,17,63,1748634.8,7,1,4,274,False,Mengabaikan,True
32,69,Wanita,3157994400.0,83038093.6,18,66,2027836.8,5,4,1,325,True,Merespons,True
33,23,Pria,2595846000.0,78792758.0,4,91,3223440.0,1,4,1,193,False,Mengabaikan,True
34,33,Pria,3239068800.0,40944362.800000004,5,12,3871709.6,5,4,5,253,True,Berhenti Berlangganan,True
35,65,Wanita,2127144800.0,118018441.2,11,96,4488721.600000001,4,2,5,196,False,Merespons,True
36,18,Wanita,434350400.0,19806248.0,18,49,7645576.4,2,1,3,188,False,Berhenti Berlangganan,True
37,36,Wanita,367439600.0,161261377.2,19,59,4709478.399999999,2,3,1,102,False,Merespons,True
38,53,Wanita,1328122400.0,137878576.0,5,76,1595928.4,2,0,2,216,True,Mengabaikan,False
39,42,Pria,2738621600.0,87775899.2,16,2,3795193.6,6,1,5,260,True,Berhenti Berlangganan,False
40,67,Pria,2863652000.0,70053979.6,18,73,1509481.6,1,2,5,360,True,Merespons,False
41,69,Wanita,3141226000.0,47798080.0,14,26,7430680.4,3,3,4,263,True,Berhenti Berlangganan,False
42,47,Wanita,516401600.0,82470572.8,17,31,1505900.0,9,0,1,202,True,Merespons,True
43,37,Wanita,456165600.0,143365424.4,9,34,5033287.600000001,6,1,1,273,False,Merespons,False
44,37,Pria,3001869200.0,45951276.8,14,88,4773296.0,7,0,1,121,False,Mengabaikan,True
45,32,Pria,1219534800.0,82300609.6,12,21,5133735.199999999,8,2,4,276,False,Berhenti Berlangganan,True
46,57,Wanita,1960763200.0,39430811.2,3,50,630361.6,3,4,2,84,False,Mengabaikan,True
47,50,Wanita,3204555200.0,55967058.400000006,18,9,2470815.6,1,0,2,277,True,Merespons,False
48,19,Pria,1499062400.0,32292682.4,7,65,2984124.0,8,1,2,234,False,Merespons,False
49,27,Wanita,2276920800.0,161275215.2,3,35,7527058.0,3,2,3,322,True,Merespons,True
50,50,Wanita,1500364800.0,93737309.6,12,31,5017658.8,7,2,4,287,False,Berhenti Berlangganan,True
51,49,Wanita,2576798400.0,119737283.6,15,85,6606912.399999999,5,2,4,352,True,Merespons,False
52,28,Wanita,1872037200.0,17463067.6,9,38,4119654.0,4,4,3,168,False,Mengabaikan,True
53,41,Pria,1021570000.0,60635836.8,18,23,3332190.4,6,4,1,86,True,Mengabaikan,False
54,53,Pria,1120715200.0,145496476.39999998,8,62,4020508.8000000003,4,1,2,110,False,Berhenti Berlangganan,True
55,29,Pria,1081806000.0,15237103.200000001,10,43,6442158.8,3,2,5,37,False,Merespons,False
56,68,Pria,1885549600.0,28299198.4,12,49,888725.2000000001,5,3,2,130,True,Merespons,False
57,46,Wanita,2386159600.0,102427736.4,5,87,7770444.0,7,2,4,4,True,Merespons,True
58,52,Wanita,3107363600.0,102004130.8,11,21,4977447.2,2,1,3,171,True,Mengabaikan,False
59,18,Wanita,2359623200.0,136726766.0,3,44,1648350.0,8,2,3,21,False,Berhenti Berlangganan,False
60,18,Pria,2614730800.0,152403266.39999998,8,8,511843.2,5,2,4,108,False,Mengabaikan,True
61,54,Pria,820674800.0,24512307.6,8,66,1184532.8,7,3,4,86,True,Merespons,True
62,23,Wanita,1421732400.0,43431784.0,1,46,1017174.3999999999,3,1,3,209,True,Berhenti Berlangganan,False
63,56,Wanita,1538134400.0,70522843.6,5,31,3374844.0,9,2,4,251,False,Mengabaikan,False
64,58,Wanita,2336994000.0,1773543.2,11,13,5683022.399999999,0,4,2,65,True,Merespons,False
65,35,Pria,1192672800.0,12880084.799999999,9,70,2158565.2,2,0,3,137,True,Berhenti Berlangganan,False
66,33,Pria,1214325200.0,38131992.800000004,13,57,3234347.5999999996,8,3,3,105,True,Mengabaikan,False
67,22,Wanita,1368496800.0,79168174.8,7,22,4663568.8,5,3,5,261,True,Merespons,True
68,59,Wanita,2700038000.0,42166502.4,3,70,6652008.0,1,1,2,4,False,Berhenti Berlangganan,True
69,60,Pria,2018231600.0,142924562.0,12,17,5010332.8,6,4,2,323,False,Mengabaikan,True
70,49,Wanita,546194000.0,53891684.0,13,44,1640210.0,8,4,1,259,False,Merespons,False
71,19,Wanita,554822400.0,150651375.6,16,24,2110702.0,1,4,5,262,False,Berhenti Berlangganan,False
72,19,Pria,1413592400.0,158736349.2,9,41,3125597.2,3,1,4,307,False,Merespons,True
73,57,Pria,2572077200.0,74133096.4,9,38,4048184.8,7,1,3,182,True,Merespons,True
74,59,Wanita,2343668800.0,38234882.4,14,49,7216272.8,0,1,5,42,False,Berhenti Berlangganan,False
75,53,Pria,2400323200.0,48636337.199999996,1,40,2130563.6,2,2,1,138,False,Merespons,False
76,56,Pria,2573868000.0,126751196.0,1,39,7563036.8,0,2,1,267,False,Berhenti Berlangganan,True
77,29,Wanita,1167113200.0,45684284.8,16,44,6332757.2,5,3,2,284,False,Berhenti Berlangganan,True
78,64,Pria,1932273200.0,62967295.6,18,49,2711596.8,4,3,3,104,True,Berhenti Berlangganan,True
79,36,Wanita,1917784000.0,78761012.0,13,1,7875124.4,5,0,1,162,True,Mengabaikan,False
80,45,Pria,2492956400.0,94319808.0,17,10,3104596.0,6,0,4,85,True,Merespons,False
81,18,Pria,3129667200.0,162171429.2,12,16,5582737.600000001,7,3,2,8,True,Merespons,True
82,32,Pria,1140251200.0,39053766.4,16,53,7633854.800000001,0,0,5,219,True,Merespons,False
83,53,Wanita,2650221200.0,58589929.199999996,1,54,6458438.8,7,2,3,87,False,Berhenti Berlangganan,True
84,30,Wanita,2259501200.0,43998653.6,15,5,7234669.2,7,3,2,8,True,Berhenti Berlangganan,True
85,60,Pria,2025883200.0,59829325.6,5,29,1452501.6,4,1,5,112,False,Berhenti Berlangganan,True
86,38,Wanita,2596334400.0,17874788.8,19,36,5296372.399999999,8,4,1,227,True,Mengabaikan,True
87,29,Pria,3092060400.0,59619313.6,18,21,800162.0,8,1,1,303,False,Mengabaikan,True
88,22,Pria,433048000.0,144726920.8,9,7,7980130.4,4,0,2,240,False,Merespons,False
89,24,Wanita,757508400.0,49752331.2,5,42,5733164.800000001,3,1,1,111,False,Merespons,True
90,22,Wanita,2541796400.0,61573402.0,11,32,994219.6,3,3,2,269,True,Berhenti Berlangganan,False
91,65,Pria,571102400.0,153850721.20000002,2,90,6488719.6,1,3,4,276,True,Merespons,False
92,21,Pria,1838012000.0,119022266.0,2,81,3850708.4,9,0,1,340,True,Berhenti Berlangganan,False
93,30,Wanita,969799600.0,84911758.8,15,69,797068.8,6,3,3,23,True,Merespons,True
94,54,Wanita,1129343600.0,126889738.8,19,14,6579399.2,2,1,1,335,True,Berhenti Berlangganan,False
95,58,Wanita,2382252400.0,21481134.4,4,34,443955.6,4,4,3,325,False,Merespons,True
96,32,Wanita,414000400.0,76490766.0,17,18,6507278.8,6,0,2,207,False,Mengabaikan,True
97,33,Wanita,2884816000.0,20684391.2,6,66,4743503.6,9,4,3,223,False,Merespons,False
98,38,Pria,1628162800.0,39280709.6,4,90,184452.4,9,2,1,278,True,Merespons,False
99,53,Wanita,1797800400.0,24493097.2,16,48,3715258.8000000003,9,4,5,209,False,Mengabaikan,True
100,41,Pria,1908178800.0,59940192.4,14,87,5033613.2,2,3,2,147,False,Mengabaikan,False
101,33,Pria,2217336000.0,63137584.4,9,43,1799102.8,5,1,3,353,True,Merespons,True
102,31,Pria,1336099600.0,154307538.0,8,23,2046396.0,8,4,1,82,False,Mengabaikan,True
103,39,Pria,621896000.0,44197595.2,12,82,679038.8,8,4,1,266,True,Mengabaikan,False
104,66,Wanita,1258606800.0,77770374.0,9,68,5505407.600000001,5,1,4,95,False,Mengabaikan,True
105,67,Wanita,818395600.0,132399704.8,9,20,1714446.8,0,0,4,261,True,Berhenti Berlangganan,True
106,23,Pria,1955228000.0,133082650.8,19,47,7031820.4,4,1,5,173,False,Berhenti Berlangganan,True
107,59,Wanita,1257630000.0,122562352.0,6,30,6213750.4,8,2,2,162,False,Mengabaikan,True
108,53,Wanita,3133086000.0,48018674.0,7,69,904354.0,2,4,4,144,True,Berhenti Berlangganan,False
109,18,Wanita,3155552400.0,81403581.60000001,6,85,4611472.8,9,1,5,255,False,Mengabaikan,False
110,49,Wanita,2142773600.0,31640017.2,12,31,3453476.4,5,4,3,195,True,Merespons,True
111,23,Wanita,2135122000.0,31992804.8,16,45,6374922.399999999,0,0,2,169,False,Merespons,False
112,48,Wanita,3213183600.0,71873432.4,13,80,5445171.600000001,9,4,2,145,False,Merespons,False
113,18,Pria,2925678800.0,120668336.80000001,5,34,786324.0,4,4,4,78,True,Merespons,False
114,67,Wanita,2567518800.0,86498570.4,4,5,7993642.8,3,1,2,150,False,Merespons,False
115,68,Wanita,1244606000.0,144536444.8,19,84,2212289.1999999997,7,0,5,332,False,Mengabaikan,False
116,54,Pria,1396824000.0,135547280.0,18,38,2201381.6,2,2,2,82,True,Mengabaikan,True
117,52,Pria,915424400.0,6721849.2,13,53,2594218.0,2,1,1,112,True,Merespons,True
118,66,Pria,1753193200.0,93241258.0,13,65,7949035.6,0,1,5,58,False,Mengabaikan,False
119,47,Pria,3227835600.0,99807796.0,1,18,6574678.0,0,0,5,38,True,Merespons,False
120,21,Wanita,2998613200.0,156606925.2,1,18,849327.6,8,3,2,203,False,Berhenti Berlangganan,False
121,52,Wanita,672364000.0,5373051.2,7,40,3497106.8,6,4,2,362,True,Mengabaikan,False
122,60,Wanita,399348400.0,87227100.4,4,19,6985585.199999999,2,1,4,259,True,Merespons,True
123,31,Wanita,2958890000.0,34633095.2,10,6,2948633.6,5,0,1,121,False,Merespons,False
124,66,Wanita,1899713200.0,10276912.8,9,99,2487421.1999999997,1,1,4,216,True,Mengabaikan,False
125,57,Wanita,912168400.0,96314759.2,4,4,5263486.8,7,0,2,199,True,Merespons,False
126,39,Pria,2299712800.0,126150138.39999999,11,59,3095804.8,9,0,1,21,False,Mengabaikan,False
127,27,Wanita,2213428800.0,126514647.6,13,1,1452013.2,4,2,3,21,True,Berhenti Berlangganan,True
128,18,Pria,683434400.0,6509720.8,9,36,4017904.0,0,0,4,190,False,Mengabaikan,True
129,28,Wanita,1086364400.0,67216375.60000001,7,26,6637844.4,3,0,2,359,True,Mengabaikan,False
130,68,Wanita,501586800.0,8801782.0,8,85,6899789.6,5,3,5,50,False,Berhenti Berlangganan,False
131,61,Wanita,940495600.0,41572608.0,19,94,5073987.600000001,6,4,5,326,False,Berhenti Berlangganan,False
132,41,Wanita,713389600.0,32714985.6,16,66,8132999.6,5,2,2,337,True,Berhenti Berlangganan,False
133,20,Wanita,891818400.0,36309446.8,5,15,8017737.2,5,4,3,245,False,Merespons,True
134,52,Pria,2334226400.0,56284355.6,12,45,2066908.7999999998,1,1,3,179,False,Berhenti Berlangganan,True
135,53,Pria,470654800.0,46340043.2,12,5,6312570.0,0,2,1,208,True,Mengabaikan,True
136,48,Pria,624012400.0,156720559.6,13,71,1629790.8,7,2,5,296,False,Merespons,False
137,21,Pria,718762000.0,58426152.4,1,18,3444685.2,3,0,3,274,False,Merespons,True
138,36,Wanita,1253234400.0,145743606.79999998,6,94,242246.40000000002,3,3,4,352,True,Berhenti Berlangganan,True
139,64,Wanita,1201138400.0,30806806.8,7,62,1769636.0,1,0,3,27,False,Berhenti Berlangganan,False
140,53,Wanita,1073014800.0,124722545.2,14,57,1946599.5999999999,4,3,4,30,False,Berhenti Berlangganan,True
141,38,Wanita,2525028000.0,11515169.600000001,6,2,8042320.0,8,2,5,140,False,Merespons,False
142,35,Pria,3250139200.0,76212215.2,19,17,495074.8,5,2,4,231,False,Berhenti Berlangganan,False
143,68,Wanita,1890433600.0,2516074.0,13,67,7708091.600000001,8,3,2,322,True,Berhenti Berlangganan,True
144,45,Wanita,3092548800.0,132224206.4,15,79,6849158.8,6,0,4,303,True,Berhenti Berlangganan,True
145,32,Wanita,1487829200.0,154819706.79999998,4,50,342042.80000000005,7,0,2,254,False,Berhenti Berlangganan,False
146,59,Pria,638176000.0,7286276.8,10,25,1253560.0,5,2,3,236,False,Berhenti Berlangganan,True
147,19,Wanita,1523482400.0,152137902.4,6,70,5180621.600000001,0,0,2,49,False,Merespons,True
148,54,Wanita,1193324000.0,126351522.0,2,22,2961169.1999999997,4,2,5,120,False,Merespons,False
149,28,Wanita,1771426800.0,59466444.4,2,9,2885955.6,3,2,5,231,True,Mengabaikan,True
150,40,Wanita,2251035600.0,148113486.39999998,1,73,5718675.6,8,1,4,52,True,Mengabaikan,False
151,61,Pria,1676677200.0,49376426.0,16,34,8098160.4,5,3,5,4,False,Mengabaikan,False
152,58,Pria,3066012400.0,67594885.60000001,11,70,2816928.4,6,3,1,338,True,Merespons,True
153,29,Wanita,2918352800.0,17215123.2,13,97,7526081.2,5,1,4,319,True,Berhenti Berlangganan,True
154,20,Pria,2382740800.0,107508236.0,14,1,5973783.2,5,1,1,5,False,Berhenti Berlangganan,False
155,69,Wanita,1760519200.0,6398854.0,4,44,6919325.6,0,4,5,82,True,Berhenti Berlangganan,True
156,34,Pria,711436000.0,79781116.80000001,11,7,4221892.399999999,0,2,3,227,True,Mengabaikan,True
157,50,Pria,1488968800.0,111739408.0,10,15,4416926.8,7,4,3,196,False,Merespons,False
158,18,Wanita,2389741200.0,133988470.0,6,38,4522095.6,7,2,5,50,True,Mengabaikan,False
159,56,Pria,1160438400.0,25794357.6,14,93,4671057.600000001,8,3,3,114,False,Mengabaikan,False
160,37,Wanita,630361600.0,123166177.2,9,81,1315098.4,2,4,3,148,True,Mengabaikan,True
161,64,Pria,2986077600.0,117523040.8,18,54,1814406.0,1,2,5,303,False,Berhenti Berlangganan,True
162,60,Wanita,2403416400.0,91815130.0,14,30,1389172.4,7,3,5,339,True,Berhenti Berlangganan,False
163,69,Pria,2128610000.0,95856314.39999999,4,83,1686282.4,6,3,1,296,False,Berhenti Berlangganan,False
164,58,Wanita,2647942000.0,16338282.4,1,94,5467312.399999999,0,1,2,331,True,Mengabaikan,True
165,31,Wanita,2774437600.0,98407064.8,15,4,1810173.2,0,1,1,126,False,Mengabaikan,True
166,48,Wanita,1742285600.0,63118699.6,15,75,7169874.800000001,6,4,4,222,True,Merespons,True
167,42,Pria,2907770800.0,141457734.0,7,42,1115831.2000000002,5,0,4,201,True,Berhenti Berlangganan,False
168,20,Wanita,3011148800.0,52090790.4,16,40,8050134.4,5,0,3,127,True,Mengabaikan,True
169,21,Pria,1121366400.0,94558961.2,6,97,174196.0,7,3,4,99,False,Merespons,True
170,48,Pria,2105980800.0000002,70379416.80000001,1,33,6894580.0,0,2,3,188,True,Mengabaikan,True
171,52,Wanita,1868781200.0,142856837.2,8,29,178754.4,0,4,5,214,True,Mengabaikan,False
172,61,Wanita,1901992400.0,42552338.400000006,8,15,6428646.4,5,4,2,239,True,Mengabaikan,True
173,31,Wanita,3073338400.0,14328679.2,18,96,5967434.0,5,4,5,6,False,Merespons,False
174,66,Pria,1219860400.0,122290313.19999999,1,99,5703209.6,1,2,5,69,True,Merespons,False
175,58,Wanita,3207485600.0,68175430.4,16,63,2961820.4,5,3,5,37,False,Merespons,False
176,26,Wanita,2969146400.0,96574099.6,12,62,5165155.6,1,2,3,125,True,Berhenti Berlangganan,True
177,37,Wanita,1669839600.0,5881150.0,12,68,4944398.8,5,4,3,40,False,Merespons,False
178,49,Wanita,2721039200.0,155081489.2,19,14,6062183.6,9,2,2,119,False,Berhenti Berlangganan,False
179,26,Wanita,2579240400.0,143075477.6,12,19,5826774.800000001,7,3,5,86,True,Mengabaikan,True
180,44,Pria,2312085600.0,102178001.2,7,82,2142936.4,4,0,2,250,False,Berhenti Berlangganan,True
181,20,Pria,1262839600.0,4372808.0,8,62,5823356.0,7,4,3,165,True,Merespons,True
182,21,Wanita,901260800.0,62547271.599999994,4,35,2655430.8000000003,2,0,5,175,True,Berhenti Berlangganan,False
183,62,Pria,2293363600.0,159382665.2,6,99,3238092.0,0,1,2,205,False,Merespons,True
184,32,Wanita,2795927200.0,111439367.6,18,84,2458442.8,3,0,4,206,True,Mengabaikan,True
185,50,Wanita,373300400.0,27574738.4,1,69,6059578.8,8,1,5,196,False,Merespons,True
186,22,Pria,2209196000.0,75863334.8,12,76,6821157.2,2,2,4,174,True,Merespons,False
187,21,Pria,1623441600.0,157438996.0,2,22,2146355.2,2,1,4,41,False,Berhenti Berlangganan,False
188,63,Pria,2957424800.0,87807970.8,19,4,4263732.0,0,0,1,106,False,Merespons,False
189,29,Pria,1267723600.0,5595110.4,15,35,5791610.0,3,3,5,185,True,Merespons,False
190,40,Wanita,1715098000.0,101517847.2,19,84,6740245.6,0,3,2,287,True,Berhenti Berlangganan,True
191,31,Wanita,1834104800.0,45340451.2,10,91,5964340.8,7,0,2,338,True,Berhenti Berlangganan,True
192,63,Wanita,737158400.0,17559119.599999998,7,73,954008.0,3,0,2,348,True,Merespons,False
193,29,Pria,2414649600.0,66565501.2,5,79,5619856.0,7,1,4,324,True,Merespons,False
194,34,Pria,2759297200.0,91646306.4,12,36,7385422.0,1,0,5,283,True,Berhenti Berlangganan,False
195,42,Wanita,495237600.0,4374436.0,18,77,3688559.6,5,0,1,43,True,Mengabaikan,False
196,47,Pria,1179486000.0,91730636.80000001,1,82,6086766.4,5,0,3,204,False,Berhenti Berlangganan,False
197,39,Wanita,437118000.0,84019614.8,12,88,7836215.199999999,7,0,1,122,False,Berhenti Berlangganan,False
198,64,Wanita,3128690400.0,129583753.19999999,19,82,5698651.2,0,4,2,148,False,Merespons,False
199,43,Pria,2280665200.0,69892319.2,9,97,2474071.6,3,4,1,342,True,Berhenti Berlangganan,False
200,34,Wanita,3151156800.0,90828724.8,3,50,3769145.6,3,3,4,101,False,Berhenti Berlangganan,False
201,37,Wanita,1883107600.0,121219089.2,19,12,3901827.5999999996,6,1,2,53,True,Mengabaikan,True
202,51,Pria,2675943600.0,146222727.2,7,67,6935768.399999999,0,3,1,234,True,Merespons,False
203,58,Wanita,1422709200.0,62878895.2,15,23,7886846.0,1,3,1,242,False,Merespons,True
204,50,Pria,1362473200.0,98594447.6,12,69,4894907.600000001,7,1,3,237,True,Mengabaikan,False
205,54,Pria,1434105200.0,113579862.0,2,42,776393.2,6,1,2,232,True,Berhenti Berlangganan,False
206,24,Wanita,2253477600.0,8602026.4,14,43,7737558.399999999,8,3,3,110,False,Mengabaikan,False
207,39,Wanita,1378916000.0,130688188.39999999,14,16,8092299.6,7,0,2,222,True,Berhenti Berlangganan,False
208,49,Pria,2964099600.0,62459196.8,2,60,3318352.4000000004,2,0,3,338,False,Berhenti Berlangganan,True
209,31,Pria,3206997200.0,109651823.6,11,61,6750664.800000001,6,2,1,14,True,Mengabaikan,False
210,25,Wanita,414814400.0,77646971.60000001,14,82,3623928.0,1,2,4,191,False,Merespons,False
211,42,Pria,892958000.0,114825444.8,15,78,5710698.399999999,8,2,3,322,True,Merespons,False
212,33,Pria,654456000.0,118369926.4,1,96,496865.6,4,3,2,119,True,Berhenti Berlangganan,False
213,59,Wanita,449816400.0,32503834.0,12,4,7268043.2,9,1,5,278,True,Merespons,True
214,36,Wanita,992917200.0,108351865.60000001,8,46,520146.0,5,4,5,76,True,Mengabaikan,False
215,58,Wanita,1634837600.0,138837468.0,4,26,1918272.4,8,1,3,341,True,Mengabaikan,False
216,33,Pria,2778344800.0,39594913.6,15,52,4691896.0,2,4,1,202,False,Mengabaikan,False
217,29,Pria,975660400.0,123826005.60000001,1,29,7203900.0,9,1,3,268,False,Mengabaikan,False
218,56,Pria,1773054800.0,103782883.6,9,83,2336505.6,1,1,4,136,True,Mengabaikan,True
219,65,Wanita,3049732400.0,155567610.0,4,96,875375.6000000001,3,4,2,157,False,Merespons,True
220,47,Pria,2280828000.0,43572443.2,12,24,6620913.2,1,0,5,144,False,Berhenti Berlangganan,False
221,19,Pria,2664222000.0,26493258.0,2,11,3029056.8,3,2,2,358,False,Mengabaikan,True
222,49,Pria,1940250400.0,51933200.0,7,14,6094743.6,8,3,2,348,True,Berhenti Berlangganan,True
223,62,Wanita,3198694400.0,43203701.2,15,78,1697515.5999999999,8,3,3,150,False,Berhenti Berlangganan,True
224,42,Pria,2050628800.0,123608179.2,5,14,2020348.0,7,0,1,282,True,Mengabaikan,True
225,42,Pria,458933200.0,119784658.39999999,11,84,2987217.2,9,0,2,217,True,Berhenti Berlangganan,False
226,21,Pria,905819200.0,109562446.4,4,66,6422134.4,4,3,1,202,False,Merespons,True
227,36,Pria,1511760800.0,36502202.0,16,4,7648181.2,7,4,4,74,False,Berhenti Berlangganan,False
228,65,Pria,2087584399.9999998,140527169.2,7,13,6442484.4,1,3,4,252,True,Berhenti Berlangganan,True
229,21,Wanita,2587706000.0,155800576.79999998,12,9,224826.80000000002,3,1,1,130,False,Mengabaikan,False
230,60,Pria,1536180800.0,87308012.0,3,11,6611959.2,0,4,3,349,False,Merespons,False
231,30,Wanita,2406346800.0,106288701.2,4,7,5239718.0,0,0,3,121,True,Mengabaikan,False
232,56,Wanita,2640290400.0,82325518.0,18,53,6532838.399999999,3,3,3,232,False,Mengabaikan,False
233,53,Pria,1255350800.0,47329541.599999994,11,32,4728363.2,8,0,5,293,True,Merespons,True
234,40,Wanita,3195275600.0,47746960.800000004,1,44,391371.2,3,4,4,221,False,Mengabaikan,True
235,23,Pria,2229383200.0,52142560.800000004,7,96,6569468.399999999,1,1,4,44,True,Berhenti Berlangganan,False
236,41,Pria,2907282400.0,32387757.6,2,22,771997.6,4,1,2,196,False,Merespons,True
237,61,Pria,1954739600.0,146992771.20000002,15,14,2940819.1999999997,9,0,1,10,False,Merespons,True
238,50,Pria,2498817200.0,139977719.2,4,72,4475209.2,6,4,5,164,True,Mengabaikan,True
239,29,Wanita,2583636000.0,76031344.39999999,18,46,2443302.4000000004,6,1,5,7,False,Merespons,False
240,58,Wanita,2987054400.0,60818661.2,8,29,6223192.8,6,1,2,231,False,Mengabaikan,True
241,38,Wanita,766136800.0,152981206.39999998,15,83,7933569.6,1,1,1,82,False,Berhenti Berlangganan,True
242,28,Wanita,1961577200.0,37468420.0,12,30,3852824.8,1,4,3,86,True,Mengabaikan,True
243,61,Pria,1580950800.0,90843539.6,14,62,7763118.0,8,1,2,126,False,Mengabaikan,False
244,55,Wanita,3030847600.0,10411548.4,1,27,7478218.0,7,4,3,204,True,Merespons,True
245,46,Pria,633617600.0,32444412.0,1,51,6690266.0,0,0,3,297,True,Merespons,True
246,65,Pria,3204880800.0,98980283.6,19,16,5961084.800000001,6,4,3,264,True,Mengabaikan,False
247,58,Pria,2891002400.0,108353493.6,18,47,322506.8,6,0,3,28,True,Berhenti Berlangganan,True
248,20,Wanita,541961200.0,95268280.8,10,66,7355141.2,3,0,4,298,True,Mengabaikan,False
249,45,Pria,1764263600.0,141783334.0,6,52,4730479.6,3,1,2,320,True,Berhenti Berlangganan,True
250,37,Wanita,2428324800.0,161737078.79999998,13,26,1212371.6,8,0,5,347,True,Mengabaikan,False
251,43,Pria,2488723600.0,124741104.39999999,18,19,5678301.2,2,0,1,203,True,Merespons,True
252,41,Wanita,2982007600.0,76587794.8,4,40,2331784.4,8,2,4,229,True,Berhenti Berlangganan,True
253,69,Pria,2669594400.0,136034866.0,4,49,5680906.0,1,2,2,294,False,Mengabaikan,False
254,64,Pria,1236791600.0,21031155.2,3,46,804394.7999999999,3,2,3,97,False,Berhenti Berlangganan,True
255,38,Wanita,1786241600.0,111752106.4,6,23,7941058.399999999,4,3,4,6,True,Berhenti Berlangganan,True
256,47,Pria,2382089600.0,85169471.2,7,28,693528.0,4,4,1,253,True,Mengabaikan,False
257,21,Pria,731297600.0,30327198.0,9,76,7084730.4,3,4,3,314,False,Berhenti Berlangganan,False
258,53,Wanita,894097600.0,158437611.20000002,1,45,2682781.1999999997,3,2,2,202,True,Mengabaikan,True
259,57,Pria,1735285200.0,56174628.400000006,13,39,2500933.6,3,1,4,347,True,Mengabaikan,True
260,27,Wanita,1199510400.0,100816993.19999999,7,1,3313631.1999999997,4,2,3,44,True,Berhenti Berlangganan,True
261,27,Pria,2853232800.0,143232742.4,8,10,6325594.0,7,4,4,295,False,Mengabaikan,False
262,59,Wanita,2043628400.0,83292061.60000001,10,23,1756286.4,9,2,3,89,True,Merespons,True
263,41,Pria,1347332800.0,20184920.799999997,7,70,3729259.6,3,1,3,133,False,Berhenti Berlangganan,True
264,21,Pria,2813021200.0,133585865.60000001,6,24,4062022.8,2,4,3,75,True,Merespons,False
265,64,Pria,2684246400.0,58556229.6,5,71,7402353.2,1,0,4,218,False,Merespons,True
266,44,Wanita,3251116000.0,160070820.8,8,87,4589006.4,2,1,5,125,False,Merespons,False
267,68,Wanita,2808625600.0,144075883.60000002,16,88,5257463.2,3,3,1,310,False,Merespons,True
268,62,Pria,1540088000.0,139180162.0,4,66,7295068.0,9,2,4,176,False,Merespons,False
269,21,Pria,699226000.0,59046094.8,8,56,2821975.2,2,4,2,28,False,Merespons,False
270,49,Pria,2789089600.0,123656042.4,9,56,739112.0,6,1,1,90,False,Mengabaikan,False
271,27,Wanita,500772800.0,160596664.8,19,27,6452903.6,5,3,1,28,False,Mengabaikan,True
272,28,Wanita,1352054000.0,86456242.4,15,32,6215378.399999999,7,4,3,131,False,Berhenti Berlangganan,True
273,45,Wanita,3020754000.0,77496870.0,8,20,2749854.8,6,4,2,319,True,Merespons,False
274,63,Wanita,3141063200.0,3991693.2,3,62,7724860.0,7,2,4,364,False,Mengabaikan,True
275,25,Pria,2202684000.0,114481285.60000001,3,26,6813342.8,1,1,3,2,False,Merespons,False
276,57,Pria,2343668800.0,139990580.4,17,72,185266.40000000002,9,0,2,265,False,Berhenti Berlangganan,False
277,39,Pria,449979200.0,41511232.4,14,12,1005778.4,2,4,2,360,True,Mengabaikan,False
278,51,Wanita,1833290800.0,52401087.199999996,14,58,3868616.4,3,1,1,57,True,Mengabaikan,True
279,62,Pria,1928203200.0,82323076.0,2,56,7424494.0,8,3,2,311,True,Mengabaikan,False
280,52,Pria,1322261600.0,13245245.200000001,14,18,1568903.6,1,0,5,61,False,Merespons,True
281,52,Wanita,526658000.0,16075848.8,11,55,5499221.2,7,4,2,314,False,Merespons,True
282,42,Pria,996336000.0,69499320.0,14,1,7087172.399999999,2,2,5,22,False,Mengabaikan,True
283,51,Pria,1374683200.0,43729219.6,7,12,7580619.2,2,2,3,130,False,Merespons,False
284,23,Wanita,1600812400.0,67069855.60000001,19,37,5396331.600000001,7,0,4,62,False,Berhenti Berlangganan,True
285,58,Pria,2057303600.0,74862277.6,8,78,2977449.1999999997,8,4,4,5,True,Mengabaikan,True
286,54,Wanita,2442488400.0,158975990.8,14,9,3065035.6,0,4,5,274,True,Mengabaikan,True
287,18,Wanita,1256327600.0,153816207.6,4,64,6243380.0,3,3,1,132,True,Merespons,True
288,29,Pria,1289538800.0,24148612.4,11,11,7109638.8,9,3,4,287,True,Merespons,False
289,52,Pria,383231200.0,143876128.0,4,90,7835889.6,6,2,2,173,True,Berhenti Berlangganan,False
290,23,Wanita,445420800.0,14555134.0,6,10,6219448.399999999,6,2,4,307,True,Mengabaikan,False
291,34,Pria,1081154800.0,83444605.2,6,85,4620426.8,7,4,3,88,True,Berhenti Berlangganan,True
292,26,Wanita,2494747200.0,28045718.8,2,5,7446472.0,4,1,2,81,False,Berhenti Berlangganan,True
293,19,Wanita,2166868000.0,60599532.4,19,60,7683671.600000001,9,3,3,128,True,Mengabaikan,True
294,35,Wanita,2581356800.0,121433659.6,1,40,3892873.6,4,0,4,346,True,Berhenti Berlangganan,False
295,66,Pria,2578914800.0,70046328.0,13,81,7728278.8,3,0,1,92,True,Mengabaikan,True
296,53,Wanita,2835650400.0,131685989.6,14,83,4975005.199999999,8,0,2,16,True,Merespons,False
297,45,Pria,2436464800.0,117481038.39999999,3,79,3425637.5999999996,7,2,3,25,False,Mengabaikan,False
298,58,Wanita,3194461600.0,153587310.8,19,88,7205202.399999999,9,1,5,258,False,Merespons,True
299,54,Wanita,2959541200.0,87718919.2,17,53,3510782.0,2,0,3,181,True,Merespons,True
300,66,Pria,2044930800.0,130911712.8,4,49,3037359.6,8,2,5,267,True,Merespons,True
301,43,Wanita,2049163600.0,53671578.400000006,13,31,6693847.600000001,9,3,5,330,False,Berhenti Berlangganan,False
302,21,Pria,426047600.0,57352486.4,9,4,7941058.399999999,1,3,1,330,True,Berhenti Berlangganan,False
303,57,Wanita,3251604400.0,66179014.0,4,11,5451032.399999999,2,1,5,130,True,Merespons,False
304,53,Pria,711110400.0,67856179.6,10,33,2745296.4,5,2,2,75,True,Berhenti Berlangganan,False
305,68,Wanita,2495072800.0,18269578.8,13,22,6828971.600000001,3,4,4,42,True,Berhenti Berlangganan,False
306,48,Wanita,2731458400.0,85292222.4,18,42,7453146.8,1,3,3,107,True,Mengabaikan,True
307,47,Wanita,1418802000.0,17229938.0,12,98,1351891.2000000002,6,2,2,30,True,Mengabaikan,True
308,67,Wanita,902400400.0,145032822.0,16,19,2631173.6,1,1,5,77,True,Merespons,True
309,51,Pria,615058400.0,11595592.8,1,98,5085383.6,8,3,2,193,False,Mengabaikan,False
310,36,Pria,2519330000.0,74106071.60000001,14,52,2815951.6,5,2,2,350,False,Merespons,True
311,35,Wanita,1652094400.0,47512691.599999994,7,77,5093198.0,9,4,1,67,False,Berhenti Berlangganan,False
312,47,Pria,2417091600.0,26588658.8,5,64,6761735.199999999,3,4,5,70,False,Berhenti Berlangganan,True
313,38,Wanita,3008055600.0,127960474.39999999,2,53,1267560.8,3,1,2,17,False,Merespons,False
314,20,Wanita,755229200.0,116855072.4,4,67,5142038.0,7,3,3,15,True,Berhenti Berlangganan,True
315,23,Pria,3019126000.0,25150646.400000002,10,90,5454614.0,6,1,1,11,False,Mengabaikan,False
316,55,Wanita,1531785200.0,103612106.4,15,95,7133244.800000001,4,4,2,133,False,Mengabaikan,True
317,30,Pria,1220186000.0,129365764.0,19,52,5849729.6,5,1,3,7,True,Merespons,False
318,62,Pria,3089130000.0,126267517.2,15,93,6456810.8,5,3,3,109,True,Mengabaikan,True
319,20,Pria,3228649600.0,16500919.600000001,19,42,1483108.0,2,3,5,152,True,Mengabaikan,False
320,65,Pria,908424000.0,112113522.4,10,18,1219534.8,3,2,2,86,False,Berhenti Berlangganan,True
321,45,Pria,2250384400.0,117031059.2,3,15,7378258.8,8,2,5,261,True,Merespons,True
322,39,Pria,637687600.0,140585126.0,11,60,1483108.0,5,0,3,56,True,Merespons,True
323,57,Pria,2232964800.0,83510539.2,18,61,3117294.4,9,2,2,105,False,Berhenti Berlangganan,False
324,57,Wanita,2750017600.0,75943432.4,2,14,6466090.4,3,0,5,258,True,Merespons,True
325,29,Pria,2331458800.0,157177702.0,18,98,645013.6,4,2,5,206,False,Berhenti Berlangganan,False
326,40,Pria,1548553600.0,130003451.60000001,15,23,4311106.8,9,3,4,172,False,Merespons,True
327,48,Pria,1448106000.0,91679843.19999999,16,62,4517537.2,6,3,1,42,True,Merespons,True
328,35,Wanita,1477572800.0,54914230.800000004,19,89,195197.2,2,1,3,351,True,Merespons,False
329,24,Pria,2053722000.0,137856760.8,19,31,3298979.1999999997,8,3,3,105,True,Berhenti Berlangganan,True
330,25,Wanita,2908910400.0,75031589.6,12,11,7399422.8,5,3,5,78,True,Berhenti Berlangganan,True
331,36,Wanita,3048104400.0,16566202.4,6,4,3563040.8000000003,5,0,3,348,False,Berhenti Berlangganan,False
332,46,Wanita,482539200.0,74945794.0,12,32,7449890.8,8,1,3,40,True,Mengabaikan,False
333,61,Wanita,857793200.0,142164937.2,7,33,2681641.6,9,3,2,263,False,Merespons,False
334,37,Pria,654456000.0,73878477.2,10,14,4193890.8000000003,9,3,4,297,True,Mengabaikan,True
335,67,Wanita,892144000.0,3940736.8,12,50,6887905.199999999,8,4,2,18,True,Mengabaikan,False
336,59,Pria,1341309200.0,100182236.0,16,40,7992014.800000001,7,3,2,131,False,Merespons,True
337,47,Wanita,1810010400.0,162127961.6,13,1,6218960.0,1,4,3,107,True,Berhenti Berlangganan,True
338,64,Wanita,2170124000.0,133345572.8,13,25,2904189.1999999997,9,2,3,196,False,Merespons,True
339,39,Pria,2471141200.0,101109544.8,14,85,2667152.4000000004,6,2,3,253,False,Mengabaikan,False
340,27,Pria,2933981600.0,149003514.0,6,44,618151.6,8,3,2,126,True,Berhenti Berlangganan,True
341,43,Wanita,3224091200.0,132754608.8,19,91,1781520.4000000001,7,1,2,43,False,Merespons,False
342,68,Pria,2267966800.0,81994708.39999999,10,92,6223355.6,8,3,4,217,False,Merespons,True
343,50,Pria,2802927600.0,96916142.4,9,88,3472035.6,5,2,5,125,False,Merespons,False
344,45,Wanita,2605614000.0,119491944.0,9,91,1411476.0,7,4,2,334,False,Merespons,False
345,27,Wanita,1226860800.0,138048213.60000002,9,74,2536749.6,0,4,3,4,False,Berhenti Berlangganan,True
346,46,Wanita,2891653600.0,11004466.0,1,98,4859742.8,8,2,2,83,True,Berhenti Berlangganan,False
347,61,Wanita,450956000.0,126504716.80000001,1,91,7793724.4,8,3,1,342,True,Berhenti Berlangganan,False
348,35,Pria,326739600.0,73752958.39999999,13,42,7816353.6,3,2,2,232,False,Berhenti Berlangganan,True
349,59,Pria,1127715600.0,108130294.8,19,32,1072526.4,2,2,2,102,True,Berhenti Berlangganan,True
350,18,Pria,1679770400.0,124865483.6,16,41,2047535.5999999999,5,4,1,188,True,Berhenti Berlangganan,False
351,40,Wanita,2196334800.0,88580619.6,13,96,4940491.600000001,7,4,4,280,True,Mengabaikan,True
352,34,Wanita,623849600.0,27176204.0,18,9,7438494.800000001,7,2,2,335,True,Mengabaikan,False
353,60,Wanita,2297759200.0,67632329.6,10,50,7992340.4,6,4,1,82,False,Berhenti Berlangganan,False
354,54,Pria,2675292400.0,14017731.2,14,37,5963201.2,0,3,1,89,True,Berhenti Berlangganan,False
355,48,Wanita,868700800.0,112724022.4,3,82,3446476.0,3,3,1,355,True,Berhenti Berlangganan,True
356,42,Pria,1542041600.0,155338713.20000002,1,95,7125267.600000001,2,0,4,15,True,Mengabaikan,True
357,21,Wanita,1849408000.0,129800440.0,10,2,3507851.6,9,2,1,133,True,Berhenti Berlangganan,False
358,69,Pria,1649652400.0,64450729.199999996,7,59,5482452.8,4,1,5,121,True,Berhenti Berlangganan,True
359,26,Wanita,2669431600.0,95799497.2,4,30,4068697.5999999996,5,3,3,31,True,Mengabaikan,True
360,45,Pria,3140249200.0,50656685.2,7,81,6380783.2,9,4,5,93,True,Berhenti Berlangganan,True
361,47,Pria,2666826800.0,88829378.0,2,85,6030763.2,1,2,2,182,True,Merespons,True
362,64,Pria,554171200.0,50096816.0,2,9,3279443.2,9,1,4,227,False,Mengabaikan,True
363,41,Pria,2684409200.0,120625357.6,6,37,967032.0,1,1,4,338,False,Mengabaikan,False
364,50,Pria,520797200.0,43426574.4,2,94,7755303.6,0,1,4,290,False,Mengabaikan,True
365,37,Wanita,1017011600.0,157001064.0,2,60,7490753.6,4,1,2,35,True,Mengabaikan,False
366,26,Pria,774276800.0,108315561.2,4,16,1613673.6,4,3,1,186,False,Mengabaikan,True
367,25,Pria,904354000.0,12713052.0,6,14,1784613.6,0,0,2,150,False,Mengabaikan,False
368,41,Pria,1873828000.0,3365076.0,19,26,6446554.4,2,4,1,82,False,Mengabaikan,False
369,31,Wanita,2293852000.0,162323972.8,2,81,6438902.8,3,3,1,15,False,Mengabaikan,False
370,35,Pria,1703864800.0,37167402.800000004,4,51,7864705.199999999,0,0,5,353,True,Mengabaikan,False
371,18,Pria,3137970000.0,52004343.6,14,12,8120789.6,8,3,1,236,False,Berhenti Berlangganan,True
372,29,Wanita,1029710000.0,35218524.0,3,47,4138376.0,2,4,2,25,True,Merespons,True
373,46,Wanita,2561983600.0,151212058.79999998,16,3,7823842.399999999,8,3,1,353,True,Merespons,False
374,54,Wanita,2875536400.0,106714260.4,12,34,6672032.399999999,8,4,2,256,True,Merespons,True
375,43,Wanita,1972647600.0,82920877.6,2,93,6196493.6,5,2,4,255,True,Berhenti Berlangganan,False
376,50,Pria,1662513600.0,91505647.2,10,91,3082129.6,9,3,5,261,True,Merespons,False
377,60,Pria,2072606800.0,52860183.2,10,42,6946513.2,2,2,1,257,False,Mengabaikan,False
378,32,Pria,1582253200.0,100615772.4,12,2,7494660.8,6,3,4,81,True,Berhenti Berlangganan,True
379,40,Wanita,1952460400.0,69255771.2,17,27,6018064.800000001,0,2,4,291,False,Berhenti Berlangganan,False
380,46,Pria,1547414000.0,33738020.800000004,10,73,5319978.399999999,4,2,2,338,True,Mengabaikan,True
381,38,Pria,1499062400.0,107454349.2,1,84,5271464.0,6,2,4,100,False,Berhenti Berlangganan,True
382,36,Wanita,2363204800.0,61880605.6,5,28,1404638.4,5,1,4,122,True,Mengabaikan,True
383,22,Wanita,597638800.0,128158764.8,12,23,1917132.8,7,0,1,73,False,Mengabaikan,False
384,40,Wanita,813674400.0,68578034.8,4,90,1989090.4000000001,6,0,3,94,False,Berhenti Berlangganan,False
385,53,Wanita,2820021600.0,83547169.2,13,89,1460478.7999999998,8,2,1,28,False,Berhenti Berlangganan,True
386,37,Wanita,2585101200.0,128545577.6,3,85,3975901.6,1,1,3,74,False,Mengabaikan,True
387,25,Pria,1150344800.0,73813357.2,1,37,696621.2,0,1,4,182,True,Merespons,True
388,26,Wanita,1431174800.0,157355805.2,5,25,2455675.2,9,4,3,166,True,Mengabaikan,True
389,31,Pria,3039150400.0,129441954.39999999,11,31,6603819.2,8,1,4,182,False,Mengabaikan,True
390,23,Pria,2722830000.0,134825424.8,4,13,7540407.600000001,4,2,1,53,False,Mengabaikan,True
391,18,Pria,2125842400.0000002,155373226.79999998,12,53,7066334.0,4,4,2,150,False,Berhenti Berlangganan,False
392,26,Wanita,974683600.0,64299813.6,10,57,2692874.8,5,0,3,150,True,Merespons,False
393,33,Wanita,455351600.0,95120621.2,6,93,4385180.8,4,0,5,173,False,Berhenti Berlangganan,False
394,33,Wanita,1589416400.0,113415596.80000001,2,69,7610900.0,1,3,2,300,True,Merespons,True
395,29,Wanita,2296619600.0,110170667.2,4,66,4683267.600000001,3,2,3,164,True,Merespons,True
396,22,Wanita,2753436400.0,155214659.6,11,70,2198776.8,5,3,4,361,True,Berhenti Berlangganan,True
397,57,Pria,2824254400.0,48101702.0,17,45,5623926.0,3,0,4,29,False,Merespons,True
398,46,Pria,421652000.0,48587334.4,2,86,5212856.0,7,1,4,89,False,Berhenti Berlangganan,True
399,63,Pria,1041106000.0,149584547.2,4,25,814325.6000000001,8,4,4,133,True,Merespons,True
400,44,Pria,1319331200.0,130453756.4,14,9,6306546.4,9,3,4,66,True,Mengabaikan,False
401,28,Wanita,878631600.0,34403384.4,5,31,882213.2,1,2,1,282,True,Berhenti Berlangganan,True
402,64,Wanita,2678711200.0,93503528.8,9,33,5176877.2,1,0,3,25,False,Mengabaikan,True
403,67,Wanita,2574519200.0,121824216.80000001,6,86,5671138.0,2,0,2,165,True,Mengabaikan,True
404,45,Pria,1840128400.0,58527576.8,11,68,4894907.600000001,2,4,3,339,False,Berhenti Berlangganan,False
405,69,Pria,3206020400.0,71638186.4,1,58,3140412.0,7,0,3,299,True,Berhenti Berlangganan,False
406,53,Wanita,747740400.0,94365880.4,4,85,4995029.6,9,3,1,16,False,Berhenti Berlangganan,True
407,59,Pria,2961983200.0,76912743.6,9,82,4570935.6,5,0,1,41,False,Berhenti Berlangganan,False
408,36,Wanita,666828800.0,122997353.6,14,18,4910862.0,6,0,4,360,True,Berhenti Berlangganan,True
409,52,Pria,803743600.0,2585101.1999999997,1,76,6622378.399999999,0,4,4,1,True,Berhenti Berlangganan,False
410,69,Wanita,2365809600.0,71678560.8,11,19,6751804.4,8,1,3,141,False,Merespons,False
411,48,Wanita,646641600.0,56036736.8,6,36,6199424.0,9,2,1,258,False,Berhenti Berlangganan,False
412,61,Pria,1983718000.0,99808121.60000001,9,59,4010252.4000000004,5,2,2,49,True,Berhenti Berlangganan,False
413,36,Wanita,1557019200.0,126690797.2,14,86,2995357.2,4,3,3,189,True,Merespons,True
414,63,Pria,2460396400.0,13900515.200000001,3,44,7169060.8,5,2,1,204,True,Mengabaikan,True
415,41,Pria,2964913600.0,27102781.2,1,64,7156850.8,2,4,3,126,True,Berhenti Berlangganan,True
416,19,Pria,2581682400.0,108820566.80000001,13,99,6653310.4,6,4,1,76,False,Mengabaikan,True
417,24,Pria,2815463200.0,120637730.4,8,98,7217412.399999999,5,0,3,236,True,Merespons,False
418,60,Wanita,422140400.0,96429696.0,17,74,3315910.4,6,0,2,195,True,Mengabaikan,True
419,66,Wanita,1234675200.0,160028330.0,16,28,4426206.4,6,3,1,213,False,Mengabaikan,False
420,48,Wanita,1836058400.0,82127227.6,18,88,4708990.0,1,1,5,154,True,Berhenti Berlangganan,False
421,34,Pria,1544483600.0,23594441.2,1,64,5889778.399999999,2,0,4,293,False,Mengabaikan,False
422,44,Wanita,1003336400.0,112238878.39999999,1,52,6402272.8,3,4,1,257,True,Merespons,True
423,53,Wanita,1227837600.0,98665754.0,12,60,4647451.600000001,2,0,3,227,False,Mengabaikan,False
424,67,Wanita,3096130400.0,96787367.6,11,37,7364095.199999999,5,3,4,337,False,Berhenti Berlangganan,True
425,60,Pria,1187626000.0,89604306.0,7,49,1954902.4,9,3,3,345,True,Berhenti Berlangganan,True
426,27,Wanita,1362636000.0,152983974.0,19,98,3422870.0,2,0,1,185,False,Mengabaikan,True
427,62,Wanita,336507600.0,22444422.0,2,12,619779.6,9,1,3,24,True,Merespons,True
428,31,Pria,2801950800.0,13425302.0,6,73,7995759.2,2,2,1,342,True,Berhenti Berlangganan,False
429,24,Wanita,779323600.0,26467372.8,18,94,6555142.0,3,4,1,174,False,Merespons,False
430,56,Wanita,923890000.0,41113512.0,11,34,1148228.4,0,1,4,145,True,Berhenti Berlangganan,True
431,57,Pria,1073666000.0,97194367.6,13,48,2826696.4,0,3,1,60,True,Mengabaikan,False
432,26,Wanita,2917864400.0,100333802.8,10,15,4425229.6,9,4,2,70,True,Merespons,True
433,31,Wanita,930564800.0,39116932.800000004,18,95,2528772.4000000004,5,4,5,13,True,Berhenti Berlangganan,True
434,25,Pria,2662594000.0,80477412.4,4,32,1103295.5999999999,7,2,2,259,True,Merespons,False
435,34,Pria,2693526000.0,79322834.8,9,88,4938863.6,3,3,1,172,True,Merespons,False
436,40,Pria,3042080800.0,74656824.0,3,64,1946762.4,9,2,5,50,True,Merespons,False
437,33,Wanita,664224000.0,131137028.0,11,44,5211716.4,9,2,3,99,True,Mengabaikan,True
438,43,Pria,962310800.0,77651692.8,7,22,5673905.6,0,1,3,64,False,Mengabaikan,True
439,26,Pria,2502561600.0,123855309.6,1,3,6657054.800000001,5,3,2,249,False,Mengabaikan,True
440,53,Pria,899958400.0,28460044.8,5,27,3725352.4000000004,4,3,4,163,True,Merespons,False
441,24,Wanita,1164671200.0,87366294.39999999,5,10,5733327.600000001,1,1,5,288,True,Mengabaikan,True
442,35,Pria,814162800.0,134450659.2,13,2,443141.6,0,3,5,56,True,Berhenti Berlangganan,False
443,25,Wanita,831745200.0,30270869.200000003,1,57,5195924.800000001,0,1,4,84,False,Mengabaikan,True
444,38,Wanita,1736750400.0,76560444.39999999,4,68,3629300.4,0,3,3,295,False,Merespons,True
445,43,Wanita,646967200.0,99794609.2,8,82,6616843.2,4,0,1,187,True,Berhenti Berlangganan,False
446,20,Wanita,1268374800.0,31408515.6,18,2,8043459.6,9,3,3,313,False,Berhenti Berlangganan,True
447,34,Pria,1575741200.0,123597434.39999999,12,31,2495561.1999999997,4,0,1,64,False,Berhenti Berlangganan,True
448,68,Pria,397557600.0,14359936.799999999,3,35,7297998.399999999,0,2,3,88,True,Merespons,True
449,63,Pria,1463572000.0,154163622.8,13,98,1008383.2,8,2,5,74,True,Merespons,True
450,41,Pria,601383200.0,77092149.2,17,48,3771587.5999999996,7,2,5,63,False,Merespons,True
451,42,Wanita,1771915200.0,55801653.6,3,49,5709233.2,1,4,1,151,False,Mengabaikan,False
452,22,Pria,2745296400.0,20454029.200000003,13,11,7048100.4,8,2,3,339,False,Merespons,False
453,54,Pria,2723969600.0,71350518.8,10,7,1927389.2,9,0,1,304,False,Berhenti Berlangganan,True
454,62,Pria,561334400.0,107969936.80000001,4,6,4092629.1999999997,6,1,1,306,True,Merespons,True
455,67,Pria,2087421600.0,16856637.6,1,43,7947896.0,4,1,3,315,True,Berhenti Berlangganan,False
456,41,Wanita,2771344400.0,50989936.8,14,71,6044112.8,8,4,1,354,False,Merespons,False
457,48,Pria,1023035200.0,136370559.6,6,39,3305816.8,9,3,1,120,False,Berhenti Berlangganan,False
458,43,Wanita,2558402000.0,105774253.19999999,19,6,4131864.0,6,2,3,239,True,Berhenti Berlangganan,True
459,38,Pria,2935935200.0,34889505.2,4,61,7499056.4,4,3,2,338,False,Berhenti Berlangganan,True
460,51,Pria,2687828000.0,27562202.8,11,31,4046068.4,7,1,2,349,False,Berhenti Berlangganan,False
461,55,Pria,639966800.0,147405632.0,13,60,626128.8,0,0,4,62,False,Mengabaikan,True
462,41,Pria,352136400.0,47887620.0,10,9,1795684.0,4,4,2,206,True,Mengabaikan,False
463,45,Pria,887422800.0,30558374.0,17,64,192755.2,3,4,3,154,False,Mengabaikan,False
464,47,Pria,1118273200.0,162794139.2,7,82,3993646.8,4,4,1,35,False,Merespons,False
465,51,Pria,2131214800.0,51461080.0,13,87,7927871.600000001,9,2,3,14,False,Berhenti Berlangganan,False
466,69,Pria,1451687600.0,21732660.400000002,16,4,6564258.8,9,4,5,219,False,Merespons,True
467,69,Pria,2386810800.0,76050392.0,7,16,492144.4,6,0,3,34,True,Berhenti Berlangganan,True
468,40,Pria,1360194000.0,71632325.60000001,18,95,7588433.6,1,0,2,338,True,Berhenti Berlangganan,False
469,25,Wanita,778184000.0,151002535.2,7,7,1050874.0,3,4,4,185,True,Mengabaikan,True
470,59,Pria,1241838400.0,23258096.400000002,6,94,346275.6,2,1,1,242,False,Mengabaikan,True
471,67,Pria,2917050400.0,16316630.0,13,23,1850710.4000000001,8,1,1,182,False,Merespons,False
472,27,Pria,3134551200.0,16613577.2,3,11,4152702.4000000004,5,4,2,241,True,Merespons,False
473,18,Pria,933658000.0,147373886.0,1,29,783068.0,0,2,4,53,False,Mengabaikan,True
474,37,Pria,2636057600.0,74053650.0,18,8,6395760.8,6,1,5,363,False,Berhenti Berlangganan,True
475,54,Wanita,1126576000.0,25901480.0,11,92,302319.6,7,4,4,101,True,Berhenti Berlangganan,True
476,35,Pria,2925190400.0,97336817.6,1,84,1903132.0,8,0,4,327,True,Merespons,True
477,38,Wanita,810744000.0,88277811.60000001,5,3,4936421.600000001,2,3,2,209,False,Merespons,True
478,66,Pria,2277083600.0,33605664.4,9,72,3438010.4,8,1,4,158,True,Merespons,False
479,21,Pria,572404800.0,98820902.4,19,77,3835568.0,6,2,1,143,True,Mengabaikan,False
480,60,Pria,3179484000.0,56463761.2,14,52,5507361.2,4,3,4,292,True,Merespons,True
481,19,Wanita,2378670800.0,40046683.6,8,20,3031661.6,8,3,2,226,False,Berhenti Berlangganan,True
482,38,Wanita,2792508400.0,83890351.60000001,9,95,2082537.6,5,2,4,10,True,Berhenti Berlangganan,True
483,54,Wanita,1986160000.0,48633732.4,17,31,7487660.4,9,2,4,94,False,Mengabaikan,True
484,22,Wanita,1722749600.0,37430813.2,11,28,2916399.1999999997,4,4,1,323,False,Berhenti Berlangganan,True
485,34,Pria,2147983200.0,143414590.0,16,16,3976064.4,7,0,1,79,True,Berhenti Berlangganan,False
486,66,Wanita,1874967600.0,26732574.0,17,48,6703778.399999999,0,2,2,136,False,Berhenti Berlangganan,False
487,65,Wanita,1701097200.0,46851235.2,2,24,5210739.6,4,2,3,258,False,Merespons,False
488,28,Wanita,2551076000.0,63862695.6,3,59,5112082.8,8,3,1,235,True,Berhenti Berlangganan,False
489,63,Wanita,847862400.0,45730845.6,17,95,5258765.6,1,1,2,238,True,Berhenti Berlangganan,False
490,58,Wanita,827186800.0,35588731.2,12,84,6627262.399999999,1,1,4,203,True,Berhenti Berlangganan,False
491,48,Wanita,1591044400.0,125915218.0,16,9,4357667.600000001,7,2,1,143,True,Mengabaikan,False
492,45,Pria,1265444400.0,54656192.800000004,16,14,767927.6,9,0,5,341,False,Berhenti Berlangganan,True
493,61,Pria,542775200.0,19761966.400000002,6,39,5471708.0,8,2,2,93,True,Merespons,False
494,49,Wanita,2800160000.0,88805120.8,3,39,1479038.0,7,0,5,177,False,Berhenti Berlangganan,True
495,38,Pria,2586729200.0,21853295.2,13,3,6773619.6,5,3,1,230,False,Berhenti Berlangganan,True
496,24,Wanita,1919574800.0,59250083.2,13,43,1411638.7999999998,5,4,5,363,True,Merespons,True
497,27,Pria,3195438400.0,143753702.4,15,52,7792584.800000001,9,3,3,327,True,Mengabaikan,False
498,45,Pria,538379600.0,61126516.0,2,69,5829379.6,4,4,1,237,False,Berhenti Berlangganan,True
499,65,Wanita,2572240000.0,103570755.2,12,39,2263896.8,8,3,4,117,False,Mengabaikan,False
500,53,Wanita,1106226000.0,84571181.2,15,70,1817824.8,1,2,2,112,True,Berhenti Berlangganan,False
501,37,Wanita,1405778000.0,23825454.4,15,60,7168898.0,7,2,5,332,False,Berhenti Berlangganan,True
502,30,Pria,968171600.0,106239861.2,12,64,2002277.2,1,0,3,279,True,Mengabaikan,True
503,36,Wanita,2637848400.0,139596930.0,7,54,3448266.8,9,2,5,23,False,Merespons,False
504,67,Wanita,748228800.0,16651184.0,3,63,3834916.8,5,1,1,23,False,Mengabaikan,True
505,28,Wanita,2787136000.0,123100080.4,10,34,1154903.2,1,2,5,114,False,Berhenti Berlangganan,False
506,52,Wanita,2264222400.0,112870705.2,11,89,6029786.4,3,1,2,355,False,Mengabaikan,False
507,51,Wanita,498493600.0,141309423.20000002,18,93,1021732.7999999999,0,3,5,144,False,Berhenti Berlangganan,False
508,61,Wanita,2702154400.0,18404702.8,7,86,6978096.4,2,3,5,254,False,Berhenti Berlangganan,False
509,21,Pria,2165240000.0,50897466.4,7,45,4404716.8,7,4,4,157,True,Mengabaikan,True
510,30,Wanita,2977612000.0,113528417.2,12,15,5082290.4,9,4,3,153,True,Berhenti Berlangganan,True
511,54,Pria,2519655600.0,5176714.4,17,69,6774759.2,4,2,5,311,False,Mengabaikan,True
512,19,Wanita,1969880000.0,119940458.0,14,82,2845092.8,9,2,4,332,True,Merespons,True
513,67,Pria,2777042400.0,139910157.2,15,80,7861937.600000001,1,4,5,298,True,Berhenti Berlangganan,True
514,18,Pria,1140414000.0,74687918.8,8,26,5043218.399999999,2,2,5,264,False,Merespons,True
515,57,Wanita,1928366000.0,71629883.6,17,64,1153926.4,3,1,3,38,True,Mengabaikan,True
516,42,Pria,1185998000.0,46509355.2,7,37,2458442.8,6,3,5,349,False,Berhenti Berlangganan,True
517,54,Pria,3162878400.0,2442162.8,9,13,4121607.5999999996,8,0,3,264,True,Merespons,False
518,53,Pria,988521600.0,31654832.0,16,39,5625228.399999999,5,0,5,182,True,Mengabaikan,False
519,23,Pria,371672400.0,159554582.0,3,60,1775496.8,6,3,3,129,True,Berhenti Berlangganan,True
520,24,Wanita,1280422000.0,141410196.39999998,11,94,3568738.8000000003,1,0,5,236,False,Mengabaikan,True
521,21,Pria,1798126000.0,44581152.0,10,31,1021732.7999999999,0,0,3,358,True,Mengabaikan,True
522,52,Wanita,408790800.0,156957270.8,11,99,1603091.6,0,1,1,221,True,Berhenti Berlangganan,True
523,58,Pria,1964344800.0,60892898.0,9,84,6210494.4,1,3,5,127,False,Mengabaikan,True
524,51,Pria,2887583600.0,49590508.0,11,84,5023845.199999999,5,4,4,158,True,Merespons,True
525,46,Pria,2390718000.0,26256384.0,11,32,3770448.0,7,3,5,69,False,Mengabaikan,True
526,22,Pria,2151076400.0,146942466.0,18,76,219780.0,7,2,5,10,True,Berhenti Berlangganan,True
527,44,Pria,3126899600.0,160703624.4,4,8,690272.0,0,2,4,136,True,Mengabaikan,False
528,50,Wanita,3133737200.0,54397503.6,5,70,6253962.0,4,3,5,339,True,Berhenti Berlangganan,False
529,63,Wanita,2741063600.0,115001268.8,5,78,911354.3999999999,4,0,1,95,True,Merespons,False
530,69,Pria,2106469199.9999998,55669460.0,18,63,6313546.8,3,1,4,334,False,Mengabaikan,True
531,27,Wanita,1754984000.0,18549594.8,18,99,5939595.199999999,8,2,4,110,False,Berhenti Berlangganan,False
532,23,Wanita,364672000.0,64918942.0,16,47,4260964.4,7,4,3,256,True,Berhenti Berlangganan,False
533,51,Wanita,2102236400.0,90525591.2,9,33,3025638.0,7,1,3,360,False,Merespons,False
534,25,Pria,3224091200.0,21454923.599999998,2,33,7344070.8,4,4,4,35,False,Mengabaikan,False
535,48,Pria,2722992800.0,133510652.0,16,29,1571508.4,2,0,4,112,True,Merespons,True
536,26,Pria,1323726800.0,81788929.2,10,13,6983468.8,2,4,5,106,True,Mengabaikan,False
537,38,Wanita,771183600.0,39403949.199999996,12,94,6253148.0,2,4,1,174,True,Berhenti Berlangganan,True
538,25,Pria,2623196400.0,97164249.6,17,75,5489453.2,4,2,3,236,True,Berhenti Berlangganan,True
539,21,Pria,2505654800.0,129479235.60000001,16,56,7680252.8,1,0,2,217,True,Berhenti Berlangganan,False
540,39,Pria,3159459600.0,54431854.4,17,74,8109068.0,2,4,5,144,False,Berhenti Berlangganan,True
541,45,Pria,2889211600.0,114686413.6,17,50,6458764.4,4,1,5,336,False,Mengabaikan,False
542,62,Wanita,1953925600.0,70586986.80000001,3,20,1987788.0,4,3,1,342,False,Berhenti Berlangganan,False
543,21,Wanita,622384400.0,157006110.8,9,87,5626856.4,2,3,3,56,True,Merespons,True
544,56,Wanita,1742448400.0,125882006.80000001,2,24,3356773.2,7,2,2,151,False,Merespons,False
545,38,Wanita,1244931600.0,59061723.6,17,31,1138786.0,3,4,3,147,False,Mengabaikan,False
546,25,Pria,1827104400.0,4488396.0,15,61,6933652.0,2,1,3,11,True,Mengabaikan,True
547,37,Pria,1209766800.0,107601846.0,9,53,2833045.6,1,1,1,256,False,Mengabaikan,False
548,49,Pria,2851116400.0,33519380.4,2,14,7856402.399999999,7,4,5,347,True,Merespons,False
549,18,Wanita,2799834400.0,21271448.0,15,32,6633286.0,0,4,1,27,False,Merespons,False
550,23,Wanita,1249978400.0,151804325.2,14,59,6545048.399999999,4,0,3,329,True,Berhenti Berlangganan,True
551,45,Pria,2082537600.0,162791697.2,1,17,6759293.2,4,3,2,9,False,Merespons,True
552,61,Wanita,1586160400.0,45126532.0,13,19,3418474.4,9,4,5,163,True,Mengabaikan,True
553,48,Pria,2989659200.0,50264662.800000004,9,2,818558.4,5,4,1,349,True,Merespons,True
554,27,Pria,874561600.0,28219589.200000003,1,16,8100439.6,4,1,4,167,True,Merespons,False
555,37,Pria,2370205200.0,75393982.4,1,33,7853960.4,9,2,2,128,True,Merespons,False
556,25,Pria,3169227600.0,141177718.0,11,79,3893687.5999999996,3,3,4,361,True,Mengabaikan,False
557,39,Wanita,839234000.0,114691134.8,12,74,6771828.8,2,3,3,357,False,Berhenti Berlangganan,False
558,55,Wanita,917378000.0,138032910.4,5,7,3970854.8,1,3,2,27,False,Berhenti Berlangganan,True
559,46,Wanita,2358483600.0,38452871.599999994,19,68,7550826.8,5,0,2,143,True,Merespons,False
560,26,Wanita,2608870000.0,119357145.60000001,18,71,3354168.4,3,3,5,316,False,Berhenti Berlangganan,False
561,61,Wanita,1763124000.0,149668714.8,7,80,7171991.2,5,1,3,161,False,Mengabaikan,True
562,64,Wanita,2112167200.0000002,46984405.6,19,94,266015.2,7,4,1,52,True,Berhenti Berlangganan,False
563,18,Pria,948798400.0,112942011.60000001,16,86,2885467.2,3,1,2,232,True,Merespons,False
564,58,Wanita,1722261200.0,66202782.800000004,10,52,5080499.6,8,0,1,101,True,Berhenti Berlangganan,True
565,69,Wanita,653967600.0,48404347.199999996,8,75,6982003.6,5,0,3,213,True,Merespons,True
566,56,Wanita,1267560800.0,157904115.6,3,59,870328.8,7,1,3,186,False,Mengabaikan,True
567,43,Pria,1160112800.0,57817931.599999994,1,78,758485.2000000001,8,2,4,4,True,Berhenti Berlangganan,True
568,28,Wanita,1628488400.0,19010318.8,18,92,6447856.8,3,2,1,125,False,Mengabaikan,False
569,69,Wanita,3051197600.0,64257648.400000006,7,27,4678709.2,9,0,1,288,True,Mengabaikan,True
570,52,Pria,856816400.0,73781285.60000001,13,27,1215139.2,5,2,5,143,True,Berhenti Berlangganan,False
571,41,Wanita,1501830000.0,122863369.2,15,69,3971017.5999999996,5,1,3,258,True,Berhenti Berlangganan,True
572,50,Wanita,2129586800.0,154727562.0,15,60,1795195.5999999999,4,0,3,33,False,Merespons,True
573,37,Pria,3099386400.0,133314640.8,8,30,6156770.4,3,3,3,247,False,Mengabaikan,False
574,44,Wanita,715831600.0,151669689.6,10,49,6669102.0,8,2,3,114,True,Mengabaikan,False
575,32,Pria,3015381600.0,78194468.0,8,93,3677814.8,9,2,5,140,True,Berhenti Berlangganan,False
576,50,Pria,563125200.0,117561624.39999999,14,62,7883590.0,8,1,4,306,True,Berhenti Berlangganan,True
577,69,Wanita,1734308400.0,51438125.2,2,61,5231415.199999999,0,1,3,323,False,Berhenti Berlangganan,False
578,24,Pria,1657792400.0,12843454.799999999,4,16,2234104.4,4,1,2,262,True,Merespons,False
579,51,Wanita,939844400.0,60532133.2,3,92,688806.8,2,2,4,144,True,Mengabaikan,False
580,62,Wanita,1343751200.0,114112380.8,8,41,5725350.4,5,2,5,24,False,Berhenti Berlangganan,True
581,68,Wanita,1656490000.0,45889412.800000004,3,33,4869348.0,9,0,4,307,True,Berhenti Berlangganan,True
582,63,Wanita,2861047200.0,140462537.6,8,46,2900282.0,2,2,4,271,True,Berhenti Berlangganan,True
583,59,Wanita,3124294800.0,129078422.0,4,15,6054043.6,5,0,5,235,False,Mengabaikan,True
584,22,Wanita,1846314800.0,32902205.6,1,69,471794.4,1,1,2,320,True,Merespons,True
585,47,Pria,2875373600.0,54949558.400000006,5,90,6961653.6,9,3,3,149,False,Merespons,False
586,45,Wanita,2107771600.0,134643740.0,12,97,1683677.6,8,2,2,105,True,Merespons,True
587,35,Wanita,1348635200.0,40943874.4,16,13,427024.4,8,1,3,255,False,Merespons,True
588,53,Pria,894586000.0,55072960.800000004,10,45,7277811.2,3,3,5,52,True,Berhenti Berlangganan,False
589,20,Pria,1536180800.0,56920740.800000004,7,60,5092058.399999999,6,1,1,21,False,Merespons,True
590,38,Pria,1857710800.0,130733609.6,6,43,1155391.6,2,3,5,223,True,Berhenti Berlangganan,False
591,63,Wanita,455840000.0,7596248.0,2,64,5169225.6,5,2,4,317,False,Berhenti Berlangganan,True
592,33,Wanita,752950000.0,13520377.2,6,53,7254856.4,8,1,3,52,False,Mengabaikan,True
593,54,Wanita,2084328400.0,94858187.6,17,14,4829950.4,2,2,5,322,True,Mengabaikan,True
594,59,Wanita,984940000.0,65631354.8,13,53,6154165.6,5,0,2,215,False,Mengabaikan,False
595,22,Pria,2779321600.0,103631316.80000001,15,51,7307603.6,0,1,1,185,True,Berhenti Berlangganan,False
596,67,Pria,1283678000.0,44574151.599999994,9,51,7470729.2,7,3,2,294,True,Merespons,False
597,68,Pria,632803600.0,148227283.60000002,12,70,1299632.4,0,1,2,277,False,Berhenti Berlangganan,False
598,31,Pria,570451200.0,124270449.6,15,88,6183144.0,8,4,4,251,True,Mengabaikan,False
599,48,Pria,3071710400.0,12546833.200000001,3,95,7009028.399999999,9,4,3,305,False,Berhenti Berlangganan,False
600,63,Wanita,671387200.0,127971544.8,17,93,8005201.600000001,2,0,3,237,False,Mengabaikan,True
601,41,Pria,738460800.0,157897603.60000002,12,55,7054938.0,4,1,5,298,True,Mengabaikan,False
602,52,Wanita,2853558400.0,153522190.8,5,86,5610576.4,1,1,4,75,False,Mengabaikan,False
603,53,Pria,1070735600.0,120167401.2,19,84,2353436.8,0,3,5,229,True,Mengabaikan,False
604,27,Wanita,2277083600.0,21547882.4,7,89,2647290.8000000003,1,3,3,228,True,Berhenti Berlangganan,True
605,44,Wanita,2718922800.0,94475444.8,2,48,6466253.2,9,3,4,171,False,Mengabaikan,True
606,44,Pria,2104841199.9999998,47438292.0,5,88,3468291.1999999997,9,1,3,15,False,Merespons,True
607,40,Pria,3131458000.0,157999190.8,8,46,6941792.0,4,1,4,287,False,Mengabaikan,False
608,30,Wanita,2402928000.0,117266630.8,8,63,3919247.2,1,4,1,176,False,Mengabaikan,True
609,33,Wanita,656084000.0,100066322.4,17,11,5473336.0,8,2,1,193,False,Mengabaikan,False
610,52,Wanita,1961902800.0,113656703.6,3,95,7785910.0,8,3,3,355,False,Merespons,True
611,44,Wanita,2430115600.0,72217917.2,13,97,1856245.5999999999,9,2,4,6,True,Berhenti Berlangganan,False
612,69,Wanita,2675618000.0,61702665.2,6,86,2464140.8000000003,2,2,5,315,True,Mengabaikan,False
613,56,Pria,402767200.0,152452757.6,13,55,3751888.8000000003,1,0,1,180,True,Berhenti Berlangganan,True
614,64,Pria,2432232000.0,55125382.4,14,95,6433367.600000001,6,1,5,207,False,Merespons,False
615,34,Wanita,2745133600.0,8306381.600000001,17,7,6704592.399999999,2,1,1,225,False,Berhenti Berlangganan,True
616,65,Pria,2514120400.0,66232249.6,7,26,6692870.8,5,4,3,257,False,Mengabaikan,False
617,58,Wanita,1826941600.0,129008743.6,16,6,2777856.4,3,1,5,68,False,Merespons,False
618,18,Pria,1667723200.0,106142995.2,1,56,869352.0,1,0,4,77,True,Mengabaikan,False
619,28,Pria,1935692000.0,156702977.2,18,96,1349286.4,7,1,1,90,False,Berhenti Berlangganan,False
620,29,Wanita,2390555200.0,18744792.0,5,48,1402847.6,9,3,4,160,True,Merespons,False
621,31,Pria,3030033600.0,148543766.79999998,14,28,5516152.399999999,8,3,2,260,True,Berhenti Berlangganan,False
622,25,Pria,2133819600.0,61076210.800000004,1,90,4616356.8,1,4,5,236,False,Mengabaikan,True
623,48,Pria,2927306800.0,78024016.4,14,34,1606836.0,9,3,1,328,False,Merespons,False
624,24,Wanita,2380624400.0,70687271.60000001,5,92,3759052.0,9,0,4,349,True,Mengabaikan,True
625,63,Wanita,525843999.99999994,20396886.400000002,4,17,4218636.4,0,1,3,142,False,Berhenti Berlangganan,False
626,48,Pria,1793242000.0,41565770.4,4,17,6368573.2,2,2,2,176,True,Berhenti Berlangganan,False
627,33,Wanita,1165159600.0,121261417.2,3,80,4810088.8,0,1,2,14,False,Berhenti Berlangganan,True
628,59,Pria,1161252400.0,5336095.6,18,95,3171669.6,0,0,4,143,True,Merespons,True
629,56,Wanita,1368659600.0,23206977.2,13,35,7736418.8,1,1,5,219,False,Berhenti Berlangganan,False
630,61,Wanita,1247862000.0,5691162.399999999,4,60,4171912.8,9,1,3,189,False,Mengabaikan,False
631,36,Pria,2021162000.0,139814919.2,9,70,7035564.800000001,5,3,4,151,True,Berhenti Berlangganan,False
632,25,Pria,2328854000.0,101123545.60000001,2,73,3686117.5999999996,4,0,4,111,True,Berhenti Berlangganan,True
633,46,Pria,1113063600.0,29015681.2,16,17,282132.39999999997,5,3,4,156,False,Merespons,True
634,19,Wanita,705900800.0,125532638.0,10,52,4966214.0,4,4,4,241,False,Mengabaikan,False
635,59,Wanita,498005200.0,157449252.4,9,93,6563933.2,9,4,4,320,True,Merespons,False
636,20,Pria,2012859200.0,152253002.0,11,6,2427185.2,2,0,4,29,True,Merespons,False
637,68,Pria,870980000.0,150155649.6,13,1,5797470.8,5,0,3,17,False,Merespons,True
638,46,Pria,352624800.0,2886769.6,13,84,3859988.0,4,4,3,54,False,Berhenti Berlangganan,False
639,32,Wanita,3044360000.0,96560424.39999999,4,24,2987054.4,6,2,4,116,True,Berhenti Berlangganan,False
640,55,Pria,1899713200.0,42989944.8,13,31,642408.8,4,4,3,150,False,Berhenti Berlangganan,True
641,45,Pria,596499200.0,92633362.8,9,39,3000078.4,1,1,1,91,True,Merespons,True
642,54,Pria,2795764400.0,52885580.0,10,41,6614564.0,9,4,1,106,True,Mengabaikan,False
643,49,Pria,3206834400.0,26394764.0,1,99,6510860.4,8,4,2,172,True,Berhenti Berlangganan,False
644,47,Wanita,1640210000.0,73267977.2,7,82,6882044.4,6,3,1,192,False,Mengabaikan,True
645,68,Pria,450142000.0,81423606.0,9,16,6535768.8,6,0,2,333,False,Merespons,True
646,64,Pria,670084800.0,161150510.4,5,75,6279033.2,7,3,3,63,False,Berhenti Berlangganan,True
647,47,Wanita,1444036000.0,8459739.2,7,19,6812528.8,6,3,4,86,False,Merespons,True
648,68,Wanita,2920469200.0,50165843.2,13,28,6701173.6,0,3,4,163,True,Berhenti Berlangganan,True
649,51,Pria,759462000.0,138929450.0,8,52,1925598.4,4,1,1,135,True,Merespons,True
650,30,Pria,2740249600.0,107952517.2,4,43,5804796.8,3,0,3,341,True,Mengabaikan,True
651,50,Wanita,369556000.0,134866124.8,11,79,8111672.8,7,4,5,57,True,Mengabaikan,True
652,59,Wanita,1665932400.0,108048406.4,18,48,1320308.0,9,1,4,294,True,Berhenti Berlangganan,False
653,34,Pria,2213917200.0,124043994.8,18,82,6029460.8,9,3,3,272,True,Mengabaikan,False
654,20,Pria,502563600.0,81073260.4,18,42,7519080.8,2,1,4,271,True,Mengabaikan,True
655,26,Pria,2127144800.0,34648561.2,15,4,5361818.0,9,1,1,355,False,Berhenti Berlangganan,True
656,69,Wanita,3093037200.0,132177971.2,10,26,2891002.4000000004,6,3,5,282,True,Merespons,False
657,28,Pria,795278000.0,93144717.6,13,89,5524455.199999999,0,3,4,106,False,Berhenti Berlangganan,False
658,66,Pria,2463652400.0,24112308.0,13,96,7563850.8,2,1,3,142,False,Mengabaikan,True
659,44,Pria,2110539199.9999998,131354366.0,5,88,7624249.6,6,1,2,187,True,Mengabaikan,False
660,45,Wanita,868049600.0,156125200.0,9,80,7073334.4,8,0,4,172,False,Merespons,False
661,19,Wanita,343833600.0,57419885.6,10,22,4602193.2,7,0,2,161,False,Mengabaikan,True
662,18,Pria,352787600.0,48933935.6,4,61,4724456.0,1,3,3,83,True,Berhenti Berlangganan,True
663,23,Pria,1884898400.0,14807799.600000001,2,30,7816679.2,1,3,4,335,True,Berhenti Berlangganan,False
664,42,Wanita,3088316000.0,108725328.8,7,23,5446311.2,0,1,5,295,False,Mengabaikan,False
665,52,Wanita,2213591600.0,156185761.6,14,25,324134.8,1,2,1,319,False,Berhenti Berlangganan,False
666,33,Wanita,2418719600.0,23546252.4,13,68,2372647.2,4,0,1,169,True,Merespons,True
667,21,Pria,1772892000.0,79822142.4,6,10,3277978.0,1,2,3,223,True,Berhenti Berlangganan,False
668,64,Pria,2030767200.0,17461276.8,1,39,4046068.4,0,1,5,296,True,Merespons,False
669,55,Wanita,695970000.0,7125593.2,8,65,2585264.0,3,4,5,1,True,Mengabaikan,False
670,61,Pria,2895072400.0,108726956.80000001,7,80,1873339.5999999999,8,4,1,162,False,Berhenti Berlangganan,True
671,37,Pria,2554983200.0,141474828.0,7,15,5831333.2,4,4,2,181,True,Berhenti Berlangganan,True
672,42,Wanita,3250790400.0,56034946.0,8,70,1512249.2,9,4,3,217,False,Merespons,False
673,24,Wanita,1198045200.0,142776902.4,19,82,889539.2,1,1,5,209,True,Merespons,True
674,38,Wanita,990800800.0,20493752.4,18,59,3433777.5999999996,4,0,4,265,True,Merespons,True
675,24,Wanita,692388400.0,39980586.8,12,68,6628564.800000001,6,0,3,97,False,Berhenti Berlangganan,False
676,46,Pria,3151156800.0,146941814.8,18,84,6227588.399999999,4,2,1,194,True,Mengabaikan,True
677,69,Pria,2613916800.0,83585590.0,6,83,2048512.4,2,3,4,273,True,Mengabaikan,True
678,24,Wanita,813023200.0,99651508.0,19,50,2291898.4,7,4,3,350,False,Merespons,False
679,20,Wanita,1945134400.0,7755466.4,18,2,8037436.0,4,0,3,264,True,Berhenti Berlangganan,False
680,46,Wanita,1538134400.0,22320856.8,10,8,755392.0,2,1,2,94,True,Merespons,False
681,46,Pria,769555600.0,10619932.4,13,9,790231.2,5,3,4,166,True,Merespons,True
682,56,Wanita,800487600.0,147488822.8,18,32,885957.6,9,2,1,130,True,Mengabaikan,False
683,55,Pria,3148877600.0,23353171.6,5,15,2745622.0,2,2,3,177,True,Mengabaikan,True
684,23,Pria,1219209200.0,138571452.8,1,79,6256078.399999999,9,0,2,313,False,Merespons,True
685,63,Wanita,3084408800.0,58204907.199999996,4,21,7268043.2,6,1,1,170,False,Berhenti Berlangganan,True
686,27,Wanita,547170800.0,130661977.6,13,19,7600806.4,5,1,4,111,True,Merespons,True
687,54,Wanita,1675863200.0,60462780.4,16,36,2176310.4,8,0,1,360,False,Berhenti Berlangganan,True
688,31,Pria,705412400.0,44771139.6,6,45,3833777.2,8,0,4,17,True,Berhenti Berlangganan,True
689,39,Pria,339600800.0,16723467.2,8,32,908749.6,7,0,1,299,False,Merespons,False
690,49,Pria,1948390400.0,46870120.0,15,66,4599914.0,8,0,4,186,True,Merespons,True
691,35,Pria,659340000.0,77617342.0,6,91,214896.0,8,1,3,126,True,Merespons,True
692,53,Pria,2441348800.0,133387575.2,18,25,3829381.6,0,1,4,165,True,Berhenti Berlangganan,False
693,63,Pria,2371344800.0,74560772.0,19,39,7983712.0,1,0,1,283,False,Merespons,True
694,69,Pria,842327200.0,158196178.79999998,19,42,1283026.8,9,1,5,289,False,Berhenti Berlangganan,False
695,26,Pria,3085222800.0,88924127.6,18,96,1844035.5999999999,9,2,1,21,True,Berhenti Berlangganan,True
696,43,Wanita,2438581200.0,5648508.8,2,57,2377694.0,7,1,1,171,False,Berhenti Berlangganan,False
697,39,Pria,1198696400.0,68573639.2,11,76,7077404.4,8,1,1,190,True,Berhenti Berlangganan,False
698,63,Pria,2403904800.0,112659228.0,18,60,7262508.0,5,3,5,138,True,Mengabaikan,False
699,55,Wanita,2470490000.0,39389297.199999996,10,36,7703533.2,2,1,1,275,True,Berhenti Berlangganan,False
700,40,Wanita,1328448000.0,114227643.19999999,5,76,2144401.6,8,0,1,338,False,Merespons,True
701,34,Pria,1426290800.0,82809848.0,9,48,3780378.8000000003,8,0,3,119,False,Merespons,True
702,43,Wanita,1377939200.0,5776144.0,19,50,3210090.4,7,0,2,20,True,Merespons,False
703,64,Wanita,2132517200.0000002,126431945.2,6,30,4916071.600000001,3,4,5,191,False,Berhenti Berlangganan,True
704,55,Wanita,2964099600.0,91944556.0,8,51,2523725.6,6,1,5,282,True,Merespons,True
705,19,Wanita,833047600.0,14923713.200000001,2,11,6776061.600000001,0,3,1,140,False,Berhenti Berlangganan,True
706,23,Wanita,2890351200.0,78219213.6,18,43,7391282.8,5,0,5,292,False,Merespons,False
707,24,Wanita,406674400.0,47931576.0,16,27,7342117.2,0,0,5,357,True,Berhenti Berlangganan,True
708,30,Pria,2260640800.0,143408078.0,8,76,2262268.8000000003,9,4,4,180,True,Mengabaikan,True
709,44,Pria,1540088000.0,47550298.400000006,17,58,4027672.0,1,2,2,285,True,Mengabaikan,True
710,28,Wanita,2644360400.0,153401556.0,18,72,4453394.0,8,4,5,227,True,Mengabaikan,True
711,32,Pria,2439069600.0,89649238.8,7,97,7900032.8,3,0,2,95,True,Berhenti Berlangganan,True
712,26,Wanita,1732517600.0,53785538.400000006,9,92,3656162.4000000004,6,0,5,93,False,Mengabaikan,True
713,25,Wanita,2212452000.0,132748748.0,7,8,719738.8,9,1,3,326,True,Mengabaikan,True
714,63,Pria,1796009600.0,114029352.8,3,56,5295395.6,4,2,2,88,True,Mengabaikan,False
715,23,Pria,2703619600.0,68347184.39999999,6,85,1554577.2,0,0,4,347,False,Merespons,False
716,65,Pria,1720796000.0,103104821.60000001,5,18,3075943.2,3,3,5,277,True,Berhenti Berlangganan,False
717,60,Pria,1858687600.0,127113914.39999999,3,75,4295640.8,3,0,1,67,False,Berhenti Berlangganan,True
718,21,Pria,1059665200.0,138875237.6,14,93,7843052.8,5,4,5,17,False,Merespons,True
719,28,Wanita,2098654800.0,133210937.2,18,71,1436384.4000000001,6,4,5,244,False,Berhenti Berlangganan,False
720,68,Pria,1213185600.0,28394924.8,7,57,6958397.600000001,0,1,5,348,True,Merespons,False
721,45,Pria,2017254800.0,135141256.79999998,11,29,312576.0,5,0,2,54,True,Berhenti Berlangganan,True
722,43,Wanita,822791200.0,11077400.399999999,14,17,544891.6,4,0,5,200,True,Berhenti Berlangganan,True
723,21,Wanita,792836000.0,33889913.2,16,62,3987623.2,9,1,2,228,True,Merespons,False
724,32,Wanita,1547739600.0,102026271.60000001,16,69,4728688.8,0,0,4,166,True,Berhenti Berlangganan,False
725,36,Pria,1576392400.0,20113288.8,4,70,1670490.8,2,2,3,39,False,Berhenti Berlangganan,True
726,23,Pria,1111272800.0,98870719.2,16,89,1638907.6,4,1,3,139,True,Merespons,True
727,22,Wanita,711273200.0,51263440.800000004,8,45,5904104.800000001,5,1,3,35,True,Berhenti Berlangganan,True
728,35,Pria,440536800.0,70846001.60000001,9,55,2623196.4,1,2,5,341,False,Mengabaikan,False
729,23,Pria,399511200.0,52421600.0,5,33,5828728.399999999,0,3,2,271,False,Merespons,False
730,48,Pria,1121366400.0,12938041.6,18,77,4290919.6,7,0,3,31,False,Mengabaikan,True
731,42,Pria,1678956400.0,82336262.8,13,56,3089944.0,6,0,4,55,False,Berhenti Berlangganan,True
732,21,Wanita,2453721600.0,156933176.39999998,15,66,527960.4,3,3,3,90,False,Mengabaikan,False
733,23,Wanita,1717214400.0,100230424.8,10,13,7920708.399999999,8,4,5,167,True,Mengabaikan,False
734,58,Wanita,2974844400.0,49984809.6,5,26,3194298.8000000003,1,1,1,225,False,Berhenti Berlangganan,True
735,54,Pria,428815200.0,155732526.39999998,4,65,6461857.600000001,2,1,3,354,False,Berhenti Berlangganan,False
736,67,Pria,855025600.0,64362166.0,19,70,2848674.4,6,4,5,276,False,Merespons,False
737,42,Pria,1317540400.0,114048400.4,15,77,7324534.800000001,0,2,5,340,True,Berhenti Berlangganan,True
738,51,Wanita,2017906000.0,103829281.60000001,8,31,738135.2000000001,5,4,1,230,True,Mengabaikan,True
739,36,Pria,2824417200.0,155210589.6,5,41,2407486.4,4,2,3,255,False,Berhenti Berlangganan,True
740,51,Wanita,1351891200.0,149036399.6,9,18,4360435.199999999,0,1,3,54,False,Berhenti Berlangganan,False
741,32,Pria,1110947200.0,25482107.2,17,29,5052660.8,5,0,4,201,False,Mengabaikan,True
742,67,Pria,506959200.0,15438161.2,8,29,5295721.2,8,2,5,133,True,Merespons,True
743,25,Wanita,2732272400.0,132119688.8,14,12,3289048.4,6,1,3,166,False,Merespons,True
744,61,Wanita,1438175200.0,147479543.20000002,12,94,5169876.8,2,1,3,359,True,Mengabaikan,False
745,64,Pria,2000486400.0,81081563.19999999,9,66,7072846.0,2,2,2,90,True,Merespons,False
746,66,Wanita,3207811200.0,112959431.2,16,1,6848344.800000001,3,3,1,247,False,Mengabaikan,True
747,51,Wanita,330321200.0,12875852.0,1,51,2175333.6,6,2,4,38,True,Merespons,False
748,35,Wanita,751810400.0,37054256.8,1,28,494586.39999999997,2,1,1,317,True,Berhenti Berlangganan,True
749,47,Wanita,2608707200.0,25703189.599999998,10,57,2074560.4000000001,2,0,2,231,False,Berhenti Berlangganan,True
750,30,Wanita,2684897600.0,98518257.2,12,80,6700196.8,7,4,2,117,False,Mengabaikan,False
751,64,Wanita,2579728800.0,33465819.2,3,53,5419123.6,8,3,2,280,False,Berhenti Berlangganan,False
752,50,Pria,1899224800.0,11273574.4,1,17,1156042.8,6,1,3,122,True,Merespons,True
753,52,Wanita,3193973200.0,50335318.0,8,91,1473340.0,0,0,1,334,True,Merespons,False
754,69,Wanita,1486526800.0,110775632.0,16,78,2277897.5999999996,8,3,1,161,False,Merespons,True
755,41,Pria,2089538000.0,94763438.0,6,26,6977608.0,0,0,5,21,False,Merespons,False
756,43,Pria,511354800.0,54931650.4,11,24,3337400.0,8,1,3,285,True,Berhenti Berlangganan,False
757,64,Pria,1526575600.0,135961443.20000002,14,61,2872280.4,0,0,4,114,False,Merespons,True
758,68,Wanita,2442814000.0,46154776.8,13,72,1962879.5999999999,9,1,4,244,True,Merespons,False
759,61,Wanita,1025151600.0,43620957.6,4,20,5538781.600000001,9,0,5,65,False,Merespons,False
760,59,Wanita,3091409200.0,91875854.39999999,2,66,7885055.199999999,4,0,2,338,False,Berhenti Berlangganan,False
761,64,Pria,2338133600.0,78702892.4,3,63,795766.4,7,3,3,81,False,Merespons,True
762,18,Pria,1168252800.0,73506316.4,7,41,4173215.1999999997,7,4,1,214,True,Merespons,True
763,30,Wanita,2579077600.0,26736318.4,18,69,7362630.0,7,3,5,330,True,Berhenti Berlangganan,False
764,27,Pria,569311600.0,82962880.0,14,16,2297270.8000000003,0,2,1,117,True,Merespons,False
765,36,Wanita,3182088800.0,43374641.2,10,22,2867396.4,3,2,1,108,True,Berhenti Berlangganan,True
766,22,Wanita,470003600.0,64836402.4,10,20,4099141.1999999997,2,1,1,323,False,Merespons,True
767,25,Wanita,3060965600.0,119859058.0,6,29,1280584.8,4,0,2,130,False,Mengabaikan,False
768,21,Wanita,1066502800.0000001,152624023.20000002,15,98,6574678.0,5,3,4,130,False,Merespons,False
769,66,Wanita,2546354800.0,126352987.2,16,11,2171589.1999999997,5,0,2,360,True,Merespons,True
770,30,Wanita,325762800.0,67004898.4,8,25,631989.6,2,4,2,215,True,Merespons,False
771,55,Wanita,1070572800.0,97208368.39999999,5,26,5465684.4,4,0,4,127,True,Merespons,False
772,63,Pria,2520795200.0,121942572.4,4,54,4512816.0,8,1,4,331,True,Mengabaikan,False
773,66,Wanita,1885549600.0,68388861.2,8,8,7578665.6,0,3,5,133,True,Mengabaikan,False
774,63,Wanita,662433200.0,59689968.8,10,21,6406017.2,0,2,2,46,False,Berhenti Berlangganan,True
775,36,Pria,1479038000.0,23425454.8,10,88,450142.0,1,4,3,312,True,Berhenti Berlangganan,True
776,69,Pria,1426128000.0,120292594.39999999,8,63,4389088.0,4,0,1,88,True,Berhenti Berlangganan,True
777,67,Pria,1990555600.0,136772187.2,12,63,7085707.2,9,4,3,64,True,Mengabaikan,True
778,25,Wanita,2283107200.0,52652613.2,7,79,308994.4,1,4,3,113,True,Mengabaikan,False
779,44,Wanita,2789578000.0,127907564.39999999,14,16,3142040.0,3,4,3,329,True,Berhenti Berlangganan,True
780,67,Pria,1782660000.0,99977270.8,3,5,6808458.8,8,4,4,291,True,Berhenti Berlangganan,True
781,64,Wanita,1474316800.0,128000197.6,8,95,2151727.5999999996,8,3,5,302,True,Mengabaikan,False
782,47,Wanita,747577600.0,67924067.2,4,97,259991.6,3,4,2,164,False,Merespons,True
783,21,Pria,2684083600.0,122116442.8,13,86,2879606.4,5,4,4,187,False,Berhenti Berlangganan,False
784,28,Wanita,2416114800.0,67468227.2,1,2,438746.0,8,3,5,189,False,Berhenti Berlangganan,True
785,38,Pria,1523156800.0,15933236.0,6,51,7467473.2,2,1,5,183,False,Berhenti Berlangganan,True
786,60,Pria,1844849600.0,90365884.39999999,1,24,6965560.8,3,2,5,24,True,Merespons,True
787,19,Wanita,2274804400.0,74852998.0,4,65,3528527.2,8,2,5,356,False,Mengabaikan,True
788,38,Wanita,808627600.0,42385142.800000004,11,15,3416032.4000000004,0,4,1,121,True,Merespons,False
789,34,Pria,405372000.0,145411657.6,18,92,7975897.600000001,5,4,1,93,False,Merespons,True
790,60,Wanita,1256002000.0,63333270.0,17,78,4065767.2,8,2,4,37,True,Merespons,False
791,68,Pria,2070978800.0,7934058.0,9,38,3646394.4,0,0,2,91,True,Mengabaikan,True
792,46,Wanita,1751565200.0,63217519.199999996,19,53,3357424.4,0,0,2,149,False,Mengabaikan,False
793,44,Pria,2355064800.0,70047142.0,16,99,2697107.5999999996,0,4,4,216,False,Merespons,False
794,41,Wanita,2727551200.0,140499818.79999998,11,77,2900770.4,5,2,2,254,True,Merespons,True
795,66,Wanita,1756937600.0,130433894.8,6,3,3707770.0,5,0,4,323,True,Mengabaikan,True
796,20,Wanita,719087600.0,33857027.6,14,98,7529988.399999999,9,0,2,203,False,Berhenti Berlangganan,True
797,56,Pria,2818230800.0,136856029.2,4,79,7165642.0,7,2,3,126,True,Mengabaikan,False
798,27,Pria,2010580000.0,41586934.4,5,18,6247612.8,7,0,1,242,True,Merespons,False
799,20,Wanita,2493933200.0,56738242.0,4,45,6415134.0,8,2,4,292,True,Mengabaikan,True
800,62,Wanita,2390555200.0,14008940.0,4,72,3544481.6,0,3,5,52,True,Merespons,True
801,59,Wanita,3162878400.0,10549928.4,8,28,4812042.399999999,7,4,2,275,True,Mengabaikan,True
802,43,Wanita,1191044800.0,111363665.60000001,11,24,7317697.2,2,2,4,275,True,Berhenti Berlangganan,True
803,54,Wanita,2392508800.0,150444782.4,9,66,2802276.4,4,1,3,283,True,Berhenti Berlangganan,True
804,44,Wanita,1397149600.0,81088563.6,9,72,3333004.4,1,2,3,256,True,Mengabaikan,False
805,22,Pria,1484247600.0,137672308.4,18,58,2277409.1999999997,6,3,1,59,True,Merespons,True
806,59,Pria,1001382800.0,129558519.2,18,76,521285.60000000003,7,1,4,290,False,Berhenti Berlangganan,True
807,28,Pria,1333657600.0,108755609.6,6,58,292226.0,9,0,4,168,True,Merespons,False
808,30,Wanita,3104433200.0,159291171.6,17,11,2336017.2,2,1,2,340,True,Berhenti Berlangganan,True
809,58,Wanita,1182904800.0,130918224.8,4,9,7670810.4,6,1,5,340,True,Mengabaikan,False
810,51,Wanita,1046478400.0,45925228.8,19,15,2749366.4,3,0,3,5,True,Mengabaikan,True
811,55,Pria,2034348800.0,128794987.2,4,94,7251112.0,3,1,5,204,False,Berhenti Berlangganan,True
812,57,Pria,1081806000.0,113265658.0,17,96,1105086.4,9,0,3,102,False,Mengabaikan,False
813,50,Pria,1712818800.0,66019470.0,1,27,5544805.199999999,6,1,2,86,True,Mengabaikan,False
814,51,Pria,2770042000.0,14005521.2,16,52,2783880.0,9,0,1,6,False,Mengabaikan,False
815,44,Wanita,1000731600.0,36176764.8,3,42,7282369.6,9,2,4,143,False,Berhenti Berlangganan,True
816,53,Pria,1575904000.0,130120504.8,12,81,5728769.2,1,3,3,79,True,Merespons,True
817,43,Wanita,2114609199.9999998,41676800.0,19,42,2891979.1999999997,5,3,3,75,True,Merespons,False
818,68,Wanita,1924458800.0,162454701.20000002,1,46,4051929.1999999997,4,1,4,146,False,Mengabaikan,False
819,42,Wanita,3181926000.0,113479414.39999999,14,96,2034511.6,3,3,1,110,True,Merespons,True
820,36,Wanita,2319411600.0,78542860.0,9,27,402930.0,9,3,3,216,False,Merespons,False
821,38,Wanita,2493933200.0,93566369.6,2,70,679201.6,4,1,5,195,True,Merespons,False
822,48,Wanita,3159134000.0,100083579.2,16,78,6638495.6,1,0,2,215,True,Berhenti Berlangganan,False
823,46,Pria,1540088000.0,157794714.0,7,10,6062509.2,9,4,1,317,True,Merespons,False
824,26,Wanita,1367031600.0,27696187.2,7,22,5475289.6,0,2,5,147,False,Merespons,False
825,36,Wanita,454212000.0,45530601.599999994,13,3,7447123.2,1,3,3,209,False,Merespons,False
826,43,Wanita,865444800.0,115994186.0,19,33,2176147.5999999996,0,1,1,120,False,Mengabaikan,True
827,42,Wanita,1020593200.0,40286325.2,19,69,306878.0,0,0,4,49,False,Mengabaikan,True
828,57,Wanita,863328400.0,142056675.2,18,41,7459496.0,5,1,1,323,True,Mengabaikan,False
829,60,Pria,2537400800.0,57479633.2,6,7,8032877.600000001,9,4,3,329,False,Mengabaikan,True
830,46,Wanita,1895968800.0,30774246.8,15,66,1496132.0,4,3,2,214,True,Berhenti Berlangganan,True
831,42,Pria,2281967600.0,9303206.0,3,54,5442566.8,5,4,5,100,True,Mengabaikan,True
832,36,Wanita,2729830400.0,97621229.2,2,53,970450.8,2,0,4,298,True,Mengabaikan,True
833,21,Pria,1001871200.0,134640321.20000002,7,63,603988.0,0,2,1,80,False,Berhenti Berlangganan,False
834,62,Wanita,1280747600.0,45755754.0,19,64,3055756.0,6,3,2,180,True,Berhenti Berlangganan,True
835,37,Pria,2401300000.0,149509659.2,10,77,965241.2,4,0,2,117,False,Berhenti Berlangganan,False
836,63,Pria,1476596000.0,123753559.6,6,59,1049734.4000000001,4,1,5,87,True,Merespons,False
837,18,Wanita,411395600.0,11508006.4,18,46,4103374.0,2,1,1,346,False,Berhenti Berlangganan,True
838,28,Wanita,1600161200.0,93920459.6,5,87,4389739.2,8,2,1,328,False,Merespons,True
839,21,Wanita,2987217200.0,93083667.6,2,77,3303537.5999999996,9,2,5,217,True,Berhenti Berlangganan,False
840,24,Pria,1524133600.0,34244817.199999996,5,17,5468126.4,6,3,2,300,True,Mengabaikan,True
841,45,Wanita,1299144000.0,55547197.199999996,8,68,8033854.4,7,0,1,16,False,Berhenti Berlangganan,False
842,53,Wanita,3225230800.0,75489708.8,5,87,6878462.8,7,0,4,240,False,Berhenti Berlangganan,True
843,24,Pria,2213917200.0,9376791.6,16,25,6258683.2,6,2,3,332,True,Berhenti Berlangganan,False
844,37,Wanita,1398126400.0,25767821.2,3,6,3483757.2,6,4,1,24,True,Merespons,False
845,52,Pria,624500800.0,28060859.200000003,13,85,2794136.4,0,2,4,171,True,Mengabaikan,False
846,68,Pria,2634266800.0,62750120.4,6,11,4720223.2,7,2,2,90,True,Berhenti Berlangganan,True
847,68,Wanita,2400486000.0,122081115.2,4,61,2621731.1999999997,5,1,5,97,True,Merespons,True
848,56,Wanita,3027103200.0,135610934.8,10,90,1518435.5999999999,8,2,4,232,True,Mengabaikan,False
849,38,Wanita,962310800.0,27874778.8,18,27,7088800.4,9,4,4,147,False,Berhenti Berlangganan,True
850,61,Pria,662433200.0,122814203.6,18,26,1125762.0,9,1,1,306,True,Berhenti Berlangganan,False
851,18,Wanita,2447372400.0,109727688.39999999,12,95,8015132.399999999,8,1,5,301,True,Merespons,True
852,54,Wanita,921610800.0,145181946.79999998,3,26,2231988.0,0,4,5,204,False,Merespons,True
853,63,Wanita,841676000.0,157769968.4,12,70,6043950.0,8,4,4,44,True,Berhenti Berlangganan,True
854,59,Wanita,1262839600.0,21687564.8,12,28,650223.2,7,1,4,291,True,Mengabaikan,False
855,20,Pria,2719248400.0,14630347.6,2,65,6569631.2,4,1,2,28,True,Merespons,False
856,51,Wanita,1906713600.0,130522132.4,18,34,4277244.4,0,1,1,329,False,Mengabaikan,False
857,30,Pria,459910000.0,27765377.2,2,3,7880985.199999999,0,4,5,265,False,Merespons,True
858,33,Pria,1684980000.0,32988001.2,2,74,4090187.2,7,0,3,336,False,Berhenti Berlangganan,True
859,51,Wanita,2329993600.0,143787564.8,8,79,6366456.8,5,3,4,78,True,Berhenti Berlangganan,False
860,41,Wanita,1903294800.0,152962810.0,1,62,2017580.4000000001,0,3,3,55,True,Berhenti Berlangganan,True
861,30,Pria,2003091200.0,52956723.6,13,40,2940656.4,7,2,4,302,False,Merespons,True
862,23,Wanita,984288800.0,137361848.79999998,18,24,6454043.2,2,4,5,53,False,Mengabaikan,True
863,56,Wanita,2809765200.0,140051630.4,8,53,7125104.800000001,2,1,1,126,True,Mengabaikan,False
864,19,Wanita,1970694000.0,99200063.6,13,70,1011639.2,0,0,3,233,True,Merespons,False
865,28,Wanita,2415626400.0,92865678.39999999,7,35,5676673.2,6,2,2,187,True,Merespons,True
866,24,Pria,3202927200.0,94437024.0,3,96,7983874.800000001,6,2,5,212,False,Mengabaikan,True
867,24,Wanita,1580462400.0,50187332.800000004,10,3,7716068.8,7,1,3,121,False,Merespons,False
868,56,Wanita,2907445200.0,101371978.39999999,19,79,3069105.6,2,4,4,255,False,Merespons,True
869,56,Pria,346926800.0,40886243.2,13,28,2546517.5999999996,1,3,1,305,True,Merespons,True
870,29,Pria,423442800.0,30257356.8,19,28,1235814.8,9,0,4,348,False,Berhenti Berlangganan,True
871,68,Pria,2055350000.0,68184058.8,8,65,8039878.0,5,1,1,22,False,Merespons,True
872,39,Pria,1238256800.0,115380104.39999999,18,86,6295964.4,4,0,4,145,True,Berhenti Berlangganan,False
873,68,Pria,1053153200.0,101784676.4,15,18,5154899.2,3,4,3,167,False,Berhenti Berlangganan,False
874,68,Pria,1140088400.0,157139932.4,7,73,4318921.2,9,4,2,197,True,Berhenti Berlangganan,True
875,69,Pria,1258606800.0,105818534.8,7,9,6595516.4,7,2,4,352,False,Merespons,True
876,20,Pria,2461698800.0,24403882.8,3,46,5361166.8,5,1,3,280,False,Merespons,True
877,30,Wanita,1993648800.0,27611856.8,18,14,4052580.4,5,2,3,174,True,Mengabaikan,False
878,47,Pria,2637848400.0,16627740.8,14,21,3685954.8,4,2,4,228,False,Merespons,True
879,27,Pria,2758483200.0,32439853.599999998,17,22,3182902.8,4,0,2,18,False,Merespons,True
880,69,Wanita,2795764400.0,98000878.8,9,88,7899544.4,3,1,1,109,True,Berhenti Berlangganan,False
881,26,Wanita,1540739200.0,136736371.20000002,10,2,7460310.0,9,1,3,290,False,Merespons,True
882,23,Wanita,1560112400.0,145694441.20000002,8,39,2826208.0,5,4,3,25,True,Merespons,True
883,61,Wanita,3039964400.0,66103800.4,19,57,680341.2,5,3,3,335,False,Merespons,True
884,19,Pria,2264873600.0,91655911.60000001,2,76,1403498.7999999998,9,1,3,229,True,Mengabaikan,True
885,61,Wanita,561334400.0,132048382.4,12,25,4918676.4,3,2,4,158,False,Berhenti Berlangganan,False
886,33,Pria,1914365200.0,51925060.0,4,94,5939432.399999999,3,1,1,107,False,Mengabaikan,False
887,30,Pria,1368822400.0,97633113.6,3,32,7048426.0,3,3,4,309,True,Berhenti Berlangganan,True
888,65,Pria,3219207200.0,29685277.6,1,22,7419772.8,6,0,2,286,False,Merespons,False
889,30,Pria,365648800.0,78432970.0,15,93,7620016.8,9,4,1,119,False,Mengabaikan,True
890,39,Wanita,2119493200.0,29522477.6,1,77,7962385.199999999,2,4,5,288,True,Mengabaikan,False
891,36,Pria,2446070000.0,76158165.60000001,9,93,6376876.0,6,1,2,68,True,Berhenti Berlangganan,True
892,43,Wanita,1172160000.0,65584142.800000004,5,66,6011715.6,7,0,4,119,False,Merespons,True
893,31,Pria,3178832800.0,71458129.6,19,96,2878304.0,4,1,3,141,True,Merespons,False
894,48,Pria,2844441600.0,40907570.0,6,55,7572804.800000001,6,4,4,228,False,Berhenti Berlangganan,False
895,46,Wanita,3008869600.0,23554392.4,8,11,1259095.2,4,0,4,149,False,Merespons,True
896,62,Wanita,381928800.0,46057585.2,3,93,4509234.4,8,1,4,39,True,Merespons,True
897,59,Pria,1995602400.0,40241555.2,2,49,3768982.8,0,4,2,306,False,Merespons,False
898,39,Pria,1189091200.0,119975948.39999999,14,22,7264787.2,8,1,5,301,False,Mengabaikan,True
899,24,Pria,2813672400.0,117184254.0,11,76,5287581.2,8,2,3,285,False,Merespons,True
900,54,Pria,2180054800.0,95830266.4,18,5,3234836.0,2,3,3,137,True,Mengabaikan,False
901,66,Wanita,1904760000.0,16348376.0,7,79,911354.3999999999,6,2,4,211,True,Merespons,False
902,58,Pria,661456400.0,92893517.2,1,54,2465768.8000000003,3,0,4,139,False,Mengabaikan,False
903,44,Pria,1908667200.0,14398846.0,8,56,4215706.0,6,2,4,82,True,Berhenti Berlangganan,True
904,48,Pria,2177287200.0,4556934.800000001,6,43,3315422.0,2,4,4,234,False,Mengabaikan,False
905,23,Pria,3126736800.0,58456596.0,11,96,7733488.399999999,4,4,2,345,True,Berhenti Berlangganan,True
906,33,Pria,2040046800.0,40397029.199999996,10,44,4927630.4,2,1,2,58,False,Merespons,False
907,55,Wanita,3160436400.0,97468522.8,2,73,5802680.4,5,2,1,55,True,Merespons,True
908,55,Pria,3143505200.0,151299156.79999998,1,23,4914280.8,0,0,1,141,True,Merespons,True
909,67,Wanita,2231011200.0,117648071.2,4,40,3394380.0,5,3,2,206,False,Mengabaikan,True
910,49,Wanita,1808056800.0,125305043.6,9,41,652176.8,4,2,4,3,False,Berhenti Berlangganan,True
911,50,Pria,1691166400.0,154885315.2,13,35,409930.4,8,0,3,92,False,Mengabaikan,False
912,66,Wanita,2934795600.0,103825700.0,4,36,5377772.399999999,5,2,2,29,False,Merespons,True
913,34,Wanita,408465200.0,94742111.2,3,53,5705651.600000001,9,2,2,277,False,Berhenti Berlangganan,False
914,50,Pria,659177200.0,98632217.2,18,96,1597882.0,1,1,1,193,False,Merespons,True
915,28,Pria,624663600.0,141171531.6,2,60,5216926.0,7,4,5,41,True,Berhenti Berlangganan,True
916,30,Pria,2543750000.0,64178690.4,9,37,249084.0,0,3,3,233,False,Merespons,False
917,47,Wanita,1320959200.0,129813952.4,7,50,3709235.2,6,3,3,235,False,Mengabaikan,True
918,18,Pria,2195032400.0,106753495.2,2,19,2389252.8,2,2,5,22,True,Merespons,True
919,47,Pria,2094910400.0,50716432.800000004,12,54,7205365.199999999,2,1,1,24,False,Merespons,True
920,44,Wanita,1456246000.0,3834265.6,17,14,2620754.4,6,2,3,82,False,Berhenti Berlangganan,False
921,57,Wanita,1883270400.0,35461258.8,14,55,3280257.2,0,2,1,158,True,Berhenti Berlangganan,False
922,40,Pria,2216033600.0,114446609.2,14,64,1439152.0,2,0,1,227,False,Merespons,False
923,37,Pria,3082943600.0,95057780.4,15,58,1205208.4,5,1,4,156,True,Merespons,False
924,23,Wanita,2012370800.0,45885017.199999996,17,48,2889211.6,9,0,5,167,False,Merespons,False
925,54,Pria,2126005200.0,71625325.2,4,12,6143746.4,1,2,5,247,True,Merespons,True
926,37,Pria,524378800.0,108186623.6,14,86,705086.8,8,3,4,10,True,Merespons,False
927,54,Pria,3115992000.0,22110682.0,7,65,637524.7999999999,0,2,1,315,False,Merespons,True
928,23,Wanita,1873014000.0,71299399.6,19,42,6632960.4,6,3,1,254,False,Mengabaikan,True
929,46,Wanita,2673664400.0,68776162.4,2,18,4344480.8,9,0,3,291,False,Berhenti Berlangganan,False
930,30,Pria,472934000.0,89080090.0,9,18,7021401.2,6,2,5,251,True,Berhenti Berlangganan,False
931,44,Wanita,1558972800.0,85745946.0,15,34,5056730.8,5,2,3,56,False,Merespons,True
932,67,Pria,1078712800.0,60895177.199999996,19,41,788603.2,3,0,3,176,True,Berhenti Berlangganan,False
933,37,Pria,1108016800.0,124559256.80000001,10,36,1549693.2,3,3,5,218,True,Merespons,True
934,30,Pria,2644848800.0,12463479.600000001,8,35,3689373.6,6,0,3,150,False,Berhenti Berlangganan,False
935,56,Pria,2153844000.0,7355792.399999999,13,92,1666258.0,1,2,5,32,False,Mengabaikan,True
936,25,Pria,1614162000.0,69362079.6,10,33,7068287.600000001,4,1,1,12,False,Berhenti Berlangganan,False
937,34,Wanita,356694800.0,146149955.6,17,25,7986154.0,6,2,1,142,False,Berhenti Berlangganan,False
938,47,Pria,3153273200.0,46364463.2,2,10,5100198.399999999,2,0,2,181,False,Merespons,True
939,18,Pria,3144644800.0,29399400.799999997,18,92,5338537.600000001,6,2,3,16,True,Berhenti Berlangganan,False
940,41,Wanita,963124800.0,151229152.8,2,46,7255670.4,2,3,3,21,True,Mengabaikan,True
941,33,Pria,446723200.0,28740874.8,19,27,5570202.0,2,3,5,361,False,Berhenti Berlangganan,True
942,28,Pria,1879363200.0,62041777.6,16,14,3237766.4,3,2,3,145,False,Berhenti Berlangganan,True
943,21,Wanita,3113550000.0,119124830.0,15,37,2076025.5999999999,2,1,2,39,False,Berhenti Berlangganan,False
944,21,Pria,2993403600.0,43681682.0,8,43,3428242.4000000004,1,0,4,47,True,Mengabaikan,True
945,34,Wanita,2038907200.0,38673302.800000004,7,25,7875287.2,0,0,4,84,True,Mengabaikan,False
946,66,Pria,1215139200.0,65720894.8,18,49,803092.4,7,1,1,70,False,Mengabaikan,True
947,27,Wanita,1292469200.0,128529134.8,9,52,983963.2,1,0,2,275,True,Mengabaikan,True
948,38,Wanita,2956773600.0,148453087.2,16,93,5447125.199999999,4,4,1,91,True,Merespons,False
949,55,Pria,1766705600.0,6671544.0,2,32,4981191.600000001,7,0,5,232,True,Merespons,False
950,66,Pria,709808000.0,28238799.599999998,8,33,6044438.399999999,1,1,4,97,False,Merespons,True
951,35,Pria,1053641600.0,156127642.0,9,45,7349606.0,1,4,5,44,True,Merespons,True
952,27,Wanita,1136669600.0,97169296.4,9,91,4267476.4,1,1,2,169,True,Berhenti Berlangganan,True
953,62,Pria,687667200.0,90499868.8,1,9,2957262.0,7,0,1,58,True,Merespons,True
954,33,Wanita,1682538000.0,132748422.4,10,18,4313711.600000001,4,0,1,75,True,Berhenti Berlangganan,False
955,56,Wanita,3010009200.0,8039878.0,3,23,1553763.2,6,4,3,224,False,Berhenti Berlangganan,True
956,32,Wanita,2285386400.0,3858034.4,1,30,7345047.600000001,5,3,2,327,True,Merespons,False
957,51,Wanita,538054000.0,157560933.20000002,11,1,5605692.399999999,8,1,2,295,False,Mengabaikan,False
958,22,Wanita,341717200.0,135170398.0,9,7,7108336.4,5,2,1,154,False,Merespons,True
959,34,Pria,1135041600.0,122085022.4,14,80,2575170.4,5,1,5,124,False,Mengabaikan,True
960,54,Pria,1388358400.0,26722643.2,4,22,7292463.2,8,4,3,74,False,Berhenti Berlangganan,False
961,25,Pria,2601706800.0,78443226.4,6,83,1374683.2,8,1,1,317,True,Berhenti Berlangganan,True
962,41,Pria,3159296800.0,152693538.79999998,13,68,3115992.0,5,3,4,101,True,Berhenti Berlangganan,True
963,45,Wanita,1461292800.0,152098179.2,1,24,733739.6,1,1,3,72,True,Merespons,False
964,64,Wanita,2337808000.0,3118434.0,4,59,5037683.2,2,1,3,148,False,Merespons,True
965,25,Pria,3241022400.0,122908464.8,12,12,2096375.6,0,1,1,262,False,Mengabaikan,True
966,40,Wanita,2510701600.0,2633290.0,1,55,2031581.2000000002,8,2,4,263,True,Mengabaikan,True
967,52,Wanita,2189822800.0,160269925.2,9,65,8088229.6,7,3,3,156,True,Mengabaikan,False
968,48,Pria,554334000.0,68831514.39999999,15,25,2077165.2,8,4,5,241,False,Merespons,True
969,34,Wanita,1272770400.0,158532035.2,4,69,4251033.6,6,3,1,340,True,Berhenti Berlangganan,True
970,45,Wanita,3002194800.0,60898433.2,1,42,5081150.8,5,1,5,168,False,Mengabaikan,False
971,65,Pria,914610400.0,48881514.0,10,35,7890916.0,9,4,5,249,True,Mengabaikan,True
972,65,Pria,2797718000.0,52605401.2,7,67,7691648.8,4,3,1,333,False,Berhenti Berlangganan,False
973,68,Wanita,2366135200.0,119392961.60000001,4,9,3443382.8,9,3,5,224,True,Mengabaikan,True
974,29,Wanita,1399103200.0,33809652.800000004,4,36,1055106.8,6,2,2,242,True,Berhenti Berlangganan,False
975,41,Wanita,1876270000.0,140889887.6,16,5,1710865.2,2,2,4,92,False,Merespons,True
976,32,Pria,1916318800.0,96811787.6,1,68,244362.8,1,3,4,123,True,Berhenti Berlangganan,True
977,57,Pria,2418068400.0,157950513.60000002,7,37,170288.80000000002,2,4,5,63,False,Berhenti Berlangganan,False
978,48,Wanita,1839314400.0,160718439.2,13,67,6361735.6,8,1,4,50,True,Berhenti Berlangganan,True
979,44,Pria,715506000.0,31474124.0,19,13,3009520.8000000003,8,1,3,308,False,Berhenti Berlangganan,True
980,52,Pria,2592101600.0,155673267.2,6,64,5335607.2,4,2,3,78,False,Berhenti Berlangganan,True
981,35,Wanita,1516156400.0,9128684.4,2,90,4656080.0,6,1,4,270,True,Mengabaikan,True
982,53,Pria,3147900800.0,6118838.0,18,25,7176712.399999999,9,4,2,65,True,Berhenti Berlangganan,False
983,25,Wanita,1156368400.0,153752552.8,16,34,4752294.800000001,9,0,2,333,False,Merespons,True
984,63,Wanita,1096458000.0,156739444.4,9,48,1041431.6,2,2,1,148,False,Berhenti Berlangganan,False
985,66,Pria,1302888400.0,25360170.0,10,49,7178340.4,4,1,1,184,True,Berhenti Berlangganan,False
986,55,Pria,2002765600.0,72933097.6,14,45,5928524.800000001,4,3,3,76,True,Berhenti Berlangganan,True
987,22,Wanita,2947982400.0,81261945.60000001,17,57,2616196.0,5,0,4,317,False,Berhenti Berlangganan,True
988,31,Pria,842164400.0,140281178.4,10,10,6188679.2,5,4,5,202,True,Mengabaikan,False
989,55,Pria,1145135200.0,102830666.4,5,48,3299304.8,5,4,1,92,True,Merespons,True
990,37,Pria,2030116000.0,126466458.8,8,5,7031494.800000001,7,2,4,56,True,Berhenti Berlangganan,False
991,61,Wanita,1656978400.0,79812048.8,6,76,4116235.2,3,0,2,356,True,Mengabaikan,True
992,26,Pria,1636465600.0,106134204.0,8,27,4995029.6,9,1,4,315,False,Merespons,False
993,50,Pria,2730644400.0,120155354.0,4,10,750833.6,1,2,2,173,True,Mengabaikan,True
994,35,Pria,3032964000.0,120553725.60000001,2,90,6812528.8,0,0,1,124,True,Merespons,False
995,23,Wanita,1736099200.0,1908016.0,10,74,4084977.5999999996,7,4,3,16,True,Mengabaikan,True
996,54,Pria,2339761600.0,17730385.2,2,29,1265770.0,0,3,2,88,True,Mengabaikan,False
997,19,Pria,2673013200.0,60239907.199999996,9,90,560846.0,6,4,4,352,False,Merespons,True
998,47,Wanita,1844686800.0,11491238.0,17,69,3050383.6,7,3,1,172,True,Berhenti Berlangganan,False
999,23,Pria,1188114400.0,63355248.0,7,31,7876264.0,1,2,5,55,False,Merespons,True
1000,34,Wanita,2195520800.0,64415238.8,15,48,6852414.800000001,6,0,1,269,True,Mengabaikan,True
